-1.01252764022, 0.991427442744, 0.979436798508, 1.0
-1.0008740288, 0.994895086899, -1.01588154741, -1.0
0.97921614559, -0.991753208175, -0.978427109705, -1.0
-1.00772357146, 0.993626568852, 1.01518999872, 1.0
-1.00061512601, -1.00185355446, -0.964930858344, 1.0
1.01257449826, 0.952403158143, -1.03124557558, 1.0
-0.986076863528, -1.00267972734, 0.995430952571, 1.0
1.02822492359, 1.015271755, -1.02642384769, 1.0
-1.0159178737, -1.01106954972, 1.0210121895, 1.0
1.00348585581, -0.993453893809, -1.06953679741, -1.0
-0.999464901017, 1.00087664805, 0.903758096438, 1.0
-0.950709682077, -1.04747396936, 1.01931315045, 1.0
0.998061882023, -0.999479161023, -1.00236881352, -1.0
1.03559884653, -1.04419840975, -1.00826592844, -1.0
0.958955629027, -0.993960152895, 0.946847069628, -1.0
0.979162048568, 0.991926346693, 1.04190415614, -1.0
0.994472944366, 0.947277939445, 0.995076565542, -1.0
-1.00026652207, 0.987198579823, -0.929665259313, -1.0
1.00087710355, 1.00347855736, 1.00717312014, -1.0
-1.00629044807, 0.97765372256, -1.03503951552, -1.0
1.00104293014, 0.997841308371, 1.02207062002, -1.0
1.0006974578, -1.0026692846, 0.990548310731, -1.0
-1.02455686818, 0.990869601022, 0.907679222244, 1.0
-1.02267102489, 1.01925668662, 0.906492388576, 1.0
-0.991534441137, -0.996736555383, 0.997661407496, 1.0
-1.0011124995, -1.0040773345, 1.01631168926, 1.0
0.992416156385, 1.01422783765, 0.913463596724, -1.0
1.0108705625, -0.971974255521, 0.923361892133, -1.0
-1.0357720566, 0.973035147419, 1.04701682567, 1.0
-0.961667722142, 1.03929117142, -1.06638466645, -1.0
1.0289537377, 0.914781226907, -0.96760076287, 1.0
-1.0147201149, -0.974109084814, -1.05690391047, 1.0
-1.00082525408, 0.99973541126, 1.05108775598, 1.0
0.941866917327, -0.966162005972, 0.956252789632, -1.0
-1.03753291475, -1.02006704634, -1.00570381589, 1.0
-1.04434120623, 0.988318601207, 1.03093304866, 1.0
1.02664965943, 0.965848998913, -0.943011267311, 1.0
0.975793028775, -1.0007483485, 1.03715252226, -1.0
0.995038192549, 1.00720818767, -1.08135242675, 1.0
1.0083375945, -1.01543371295, 0.999247905111, -1.0
-0.988628997238, 1.04558267501, 0.957603325963, 1.0
-1.00902235936, 1.01611890759, 1.01998486195, 1.0
0.998691142919, -1.0010995637, 1.00201381662, -1.0
-0.989698038556, 0.992830650837, -0.996555325298, -1.0
-0.977353209173, 1.02536711582, -1.0721781982, -1.0
0.944247857449, -1.01570263842, 0.96809958189, -1.0
1.00489638634, 0.975619116223, -1.03235188551, 1.0
-1.0102142008, 1.01879066077, 1.08090445393, 1.0
-1.01251332616, 1.00634558355, -0.967585516543, -1.0
-0.994740585188, -0.987479853517, 1.01843420824, 1.0
0.994661029026, 0.982162280572, 1.03720173066, -1.0
-1.00974276699, -0.968372553523, -0.98691164552, 1.0
-1.01204274258, 0.975249544103, 0.9581866843, 1.0
0.934609683164, 1.03947755298, -0.96616347261, 1.0
0.995152212249, 0.995712485629, -0.978794716342, 1.0
0.997601804315, -1.00326092396, -1.05888642518, -1.0
-0.946859373652, -1.02370547665, -1.04795042877, 1.0
-0.996490841591, -0.999759851455, 1.08487677308, 1.0
1.00407962903, 1.03068473417, 0.975135830835, -1.0
1.0401909542, 1.01392240861, 0.973301798325, -1.0
-1.0555315256, -0.99510526152, -1.03031334726, 1.0
0.982096395917, -0.968170207727, -1.04703905594, -1.0
-0.973679166609, -0.927861182237, -1.02578985992, 1.0
1.0073124433, 0.998263419993, -1.02873131294, 1.0
1.02044224462, 0.983764191525, -1.00182560303, 1.0
0.999912457557, 0.9998493205, 1.08682455869, -1.0
1.0145868576, 0.978611941739, 0.994809288504, -1.0
1.00041602975, 0.965128079289, -1.03206659058, 1.0
0.998102147077, 0.998345076022, 0.900093369331, -1.0
-0.976460128996, 1.0459337679, -0.965303901409, -1.0
-0.980306885945, -0.986270416526, -1.0406094574, 1.0
0.990581859393, 1.03068822291, 0.975561957291, -1.0
-0.97166063931, -0.93962014038, 0.959827333486, 1.0
-0.998295018159, 1.00053586153, 1.02201677246, 1.0
-0.973888250065, 0.985167710953, 1.01147077628, 1.0
0.997167201317, 0.995983348359, -0.995129014782, 1.0
-1.01729476995, -0.996794356182, 1.03333459874, 1.0
0.990175629239, -1.00431412716, -0.983436987511, -1.0
-1.0, -1.0, -1.0, 1.0
-0.994649959208, 0.968164188771, -0.982616609862, -1.0
-1.00058773102, -1.01928437174, 1.01377060815, 1.0
1.00287743139, -0.973573387276, -1.05428007417, -1.0
1.00009610135, -1.01543603646, 0.945328575624, -1.0
1.03560919671, 1.01906567446, -1.08136825601, 1.0
-0.988814421367, 1.03884314314, 0.913056692027, 1.0
-0.965467536561, 1.00581751756, 1.01374546707, 1.0
-1.01725543239, 0.986438315346, 1.04093787233, 1.0
1.05013961047, -0.977575952123, -0.974061451417, -1.0
-0.99799309364, -0.984358663647, 0.925915983396, 1.0
-1.00159102758, -0.988893020453, -1.04423313104, 1.0
-1.00090852886, 0.955747551774, 0.97963873035, 1.0
-1.01708625031, -1.02629926377, 1.05131646075, 1.0
0.944115311173, 0.987677809065, -1.06958677868, 1.0
-1.00048420559, 0.999040336408, 0.981407437953, 1.0
-1.00042767054, 0.987963215593, 0.966884310655, 1.0
0.949585410665, -0.962616381255, -1.04072299281, -1.0
-1.01179498193, -0.991022553617, 1.02718570008, 1.0
0.984868657805, 1.0188480588, 1.01205794936, -1.0
1.00064172058, 0.991913685537, 1.01541705262, -1.0
0.99932376824, 0.993779863681, -0.942173796195, 1.0
-0.999998290173, 1.00028492467, -0.991855257676, -1.0
1.00550611274, 1.00696151553, -1.00090159502, 1.0
1.03792119547, 1.00718202334, -0.982682986272, 1.0
-1.00330541088, -1.00032898446, -0.997159152516, 1.0
0.990613914615, 0.998384913422, -1.02158898925, 1.0
1.03393617915, 1.02365074393, 0.981714237505, -1.0
-1.00240268583, -0.996202068885, 0.915405295103, 1.0
-1.01114240599, 1.00206079336, -1.02684294813, -1.0
0.969134495451, 0.982005559338, -1.08535225504, 1.0
-1.046769334, -1.01237068223, -1.06686967958, 1.0
1.00154717156, 1.00221220309, -0.997531180481, 1.0
1.00231222725, -1.02537236401, 1.04802398591, -1.0
0.97519852912, 1.0094019927, 0.966019513916, -1.0
-1.02492633909, -0.972242478829, 0.959599441148, 1.0
-1.0152224431, 1.00045377183, -0.963202488701, -1.0
-1.00092242655, 1.0021081313, -1.01198789655, -1.0
-1.04976051928, -0.975703842482, -0.938160765456, 1.0
-0.999999063327, -0.999931168067, 1.00013125717, 1.0
1.00011406622, 0.999824325298, -0.9755349361, 1.0
0.926742239646, -0.955612499665, -1.02053224152, -1.0
0.97264794572, -0.952869705168, 1.05113336785, -1.0
-0.967894488055, 0.969299491195, 1.02421863287, 1.0
0.984765602124, 1.06146445188, -1.07564022099, 1.0
-0.9917481554, 0.993613564924, 0.954493856011, 1.0
-0.995221355018, 1.01235712142, 1.07355644697, 1.0
1.02448582335, 1.00514207176, -0.986035096253, 1.0
-0.986545294439, 1.01164103751, -0.998726177741, -1.0
1.0064993833, -0.995799536899, 1.00484447165, -1.0
-0.988425488724, -1.00060237247, 0.998981155727, 1.0
-1.02144037745, 1.02214279334, 1.04633154447, 1.0
-0.935666363464, -0.987806689869, -1.01677414681, 1.0
-1.00035724824, 1.01010720752, -0.943070088256, -1.0
-1.00306725318, 0.999911356815, -1.00302868633, -1.0
0.959839279644, -1.00552687408, -1.00973764464, -1.0
-0.983895933646, 0.999706355213, -1.03890160709, -1.0
-1.05329611009, -0.982503425407, -1.01340644692, 1.0
1.01736438891, 1.02764740816, -0.987987727438, 1.0
-0.98468580176, -0.926969645497, 1.01227614186, 1.0
-0.933614899388, -0.974765824392, 1.03814172087, 1.0
-0.947036193647, 0.93168245458, 0.991568409385, 1.0
-0.996113365086, 0.977273604552, 1.013647516, 1.0
1.01120376087, 0.965118733875, -0.936174650753, 1.0
0.981758110962, -1.0103014345, 0.995890072809, -1.0
-0.998549203137, -1.00241234257, 1.00987547732, 1.0
-0.971262086462, 0.981318360838, -0.975852447312, -1.0
1.04322382397, 0.988600695791, -1.02519147814, 1.0
0.993879060412, -0.947184512667, 1.08213385338, -1.0
0.999892519174, -1.0109436607, 1.00719434682, -1.0
0.95807370668, -1.00780050596, 0.984175110403, -1.0
-1.02275310252, 0.979667236279, -1.02985102063, -1.0
-1.00104729369, -0.99718623101, 0.959363425857, 1.0
0.989673278884, 0.991718086036, 1.03903508607, -1.0
-1.02030042033, -0.991662209683, 0.915473838799, 1.0
-0.989537979498, -0.986162123792, 0.981071371988, 1.0
-0.954137730031, 0.996458269891, -1.0546480408, -1.0
0.989299682181, 0.994158073051, 1.03921886093, -1.0
1.03592572031, -0.968146504884, 0.945270993728, -1.0
1.00211691343, -1.00228149797, -1.06098833607, -1.0
-1.00061318876, 0.99994628523, -0.906515384042, -1.0
1.0202342373, 0.978298043362, 0.93856813279, -1.0
-1.06916807369, 0.973074059521, -0.935674001272, -1.0
-1.01200876109, -1.00605693746, -0.988944847613, 1.0
0.996755834419, -0.928366642692, -0.944330076268, -1.0
0.985926173187, 0.966206399202, -1.03431289235, 1.0
1.04737921201, 0.992925373971, -0.930690870336, 1.0
-1.04265920669, -0.920491611155, 1.01795444144, 1.0
0.999742340433, -0.999671717753, -0.984119820251, -1.0
1.04113276536, 1.05022304628, 0.938856609426, -1.0
-0.963474410869, -0.97458772107, 0.998153569993, 1.0
1.01547069586, 0.993502324001, -0.966327226858, 1.0
0.919209059116, -0.98739109428, -0.968630911375, -1.0
-0.996316219604, 0.990700818019, -1.04312157921, -1.0
-1.01700642248, 0.938541314787, 0.984265144473, 1.0
-1.01667618914, -0.950783665456, -1.08529752578, 1.0
-0.999116959741, -1.00715407932, -0.983375845281, 1.0
1.07272886414, -1.01685281147, -0.934450429107, -1.0
-0.991044034093, -0.997717839069, 1.07994725054, 1.0
-0.973005409488, 1.01385340404, 0.932363493181, 1.0
1.0079277164, 0.985624672692, -1.03821914537, 1.0
0.986941568854, -0.983421827898, 0.952446096516, -1.0
-0.999999162861, 0.999823438343, 0.906453543067, 1.0
-0.986875105617, -1.00527372991, 1.0021223243, 1.0
-0.995857997307, -1.0047407913, -0.997966276101, 1.0
-0.990910750023, -0.988876460013, 0.957659077409, 1.0
1.04247131993, 0.963194363568, 1.03421074996, -1.0
-0.994886470095, -0.992253447795, 1.09632840636, 1.0
1.04906620454, 1.00060629523, 1.00997159193, -1.0
1.00988753024, 0.937167228499, -0.956316551009, 1.0
0.997188187217, 0.984710587274, 0.971886178494, -1.0
0.999788451233, 1.00001264376, 0.998708196396, -1.0
-1.00739107989, 0.999595445404, 0.997784492722, 1.0
0.999994419446, 1.00014505708, 1.01439150897, -1.0
-0.982036317276, 0.971893328558, -1.01094397351, -1.0
1.06179010954, -1.03066404501, -0.970785268123, -1.0
-0.999663094742, -0.996407186587, -1.00140805868, 1.0
-1.0603558283, -0.938461056217, 1.04222967033, 1.0
0.95807125951, -1.03836591108, -1.00440286103, -1.0
-0.954773459208, -0.980922471443, -0.95411154399, 1.0
1.00055378564, 0.999236294715, -0.999495341032, 1.0
0.913568602425, 0.998328063474, -0.992963074359, 1.0
-1.03933715273, 0.975701651824, -1.07614372578, -1.0
-0.998101518246, -0.998382341948, -0.962662560704, 1.0
1.00052031798, -0.997815387021, 1.00571594596, -1.0
1.05434605677, 0.983564444284, 0.945297329976, -1.0
0.991775985495, 1.00330891315, -0.976273409075, 1.0
-1.04607197713, 0.985882509654, -0.941344671187, -1.0
0.977167694388, 1.0190549724, -1.00993705147, 1.0
-1.02361474879, 0.970623801495, -1.00445953776, -1.0
-0.999318777043, 0.985376830285, 0.955552625184, 1.0
-1.03904732833, -0.984597104605, 0.966184641814, 1.0
-0.988897807006, 1.02783060217, -0.953615404113, -1.0
-0.998106456103, 0.993152258604, -1.01307334835, -1.0
-0.986743587105, -0.992396077323, 0.946672491448, 1.0
-0.969141056801, -1.00529173158, -1.04861496689, 1.0
1.00844237824, -0.997270102889, -1.02853524175, -1.0
1.03310312966, 1.055188199, -1.02911546345, 1.0
0.946125300715, 0.965396281765, -1.07538026596, 1.0
1.00900646185, -1.01143293618, 0.984484384623, -1.0
1.0584925301, 0.983372731582, -0.967250114426, 1.0
-0.991148937756, 1.01575469742, 1.08905083639, 1.0
-0.981370045944, -1.00571340649, -0.993823621585, 1.0
-1.0432500246, 0.965143831785, 0.946775461992, 1.0
1.00192878865, 1.01003784957, -0.995636371002, 1.0
-0.993680707031, -1.00631408414, 1.0134043076, 1.0
0.98782158536, 1.00155157063, 1.07488897416, -1.0
0.977621343473, -1.00452072711, 1.0960315801, -1.0
-0.976060877627, 1.05513881752, 0.972496976209, 1.0
0.981419807931, -0.948043446295, 1.03331212662, -1.0
0.979024195549, -1.03432446195, -1.02042042011, -1.0
-0.947416748582, 1.00076428679, -0.918229499587, -1.0
-1.01859257941, -1.00576094782, 1.07497650877, 1.0
-0.954593912383, -0.979371280495, -0.948527589665, 1.0
1.00743035596, -0.997024437441, -0.938592583757, -1.0
1.02119292255, -0.987419962607, -1.00827876341, -1.0
-1.0004302898, -1.01153767513, 1.01265682978, 1.0
1.01229304539, -0.933205910461, -1.01265992423, -1.0
0.997610077318, -1.02463679778, -1.01395775147, -1.0
0.984373034838, 0.926436362431, -0.986565493584, 1.0
-1.05279350468, 0.996840744166, 1.06400378534, 1.0
-0.987649941702, 1.00155838318, 0.952145115006, 1.0
-1.00120680591, 0.998492584343, -1.0107374009, -1.0
1.00266820735, 0.995332025519, 0.998892175378, -1.0
-0.991706915132, 0.993441352644, 0.927452399506, 1.0
1.01165750858, 1.00107051907, 0.975107051368, -1.0
1.02342222489, -1.03820030997, 1.08683505956, -1.0
1.01479113375, 0.920535117047, 0.986775470403, -1.0
-0.982698966884, 1.01538002924, -0.953965172678, -1.0
1.01171908952, 1.05343686041, -1.071009164, 1.0
1.00027093812, 1.00332848259, 1.01583542731, -1.0
1.00215547568, -0.999563197063, 0.953319846353, -1.0
-0.980240273342, 0.997734622546, -0.983898362607, -1.0
-0.97973203486, -0.969466291761, 0.98609280444, 1.0
0.9949355764, -1.00126308706, 1.00130332012, -1.0
1.00457588414, 0.914658752498, -0.99780099075, 1.0
0.973225379751, -0.99466199046, -0.989212165718, -1.0
-1.00775408369, -0.993704899734, 0.954130207394, 1.0
0.985417838214, -0.959358046071, -1.04346277034, -1.0
0.99971881805, -0.999657614845, 0.998326305183, -1.0
-0.995451730961, -1.00589575561, -1.04690687201, 1.0
-0.999340658442, -1.00360100123, -0.998178237612, 1.0
0.997650022058, -0.991705042048, 1.01837660899, -1.0
0.978264966961, -0.929648424999, 0.972462195952, -1.0
-0.986453373199, 1.02913755762, -0.995589944696, -1.0
-1.04277034872, 1.01891441681, 1.02445294074, 1.0
-1.00293221612, 0.973346748326, -0.952145509478, -1.0
0.9536666783, 0.987521938308, -0.998927828953, 1.0
-1.02184933676, -0.96782937413, -1.04588254179, 1.0
-1.02557011287, 0.998800128093, 1.08445605478, 1.0
1.01110435285, -1.01455546273, -0.987952902404, -1.0
-1.05421615325, -1.02473317143, -1.07391215372, 1.0
0.997070663481, 0.997753639834, -1.01249868529, 1.0
-1.0002995437, -1.01600214704, -0.985233213098, 1.0
-1.03398802571, 0.946407274634, 0.966561485286, 1.0
0.925694457431, 0.989538305434, 0.99124252003, -1.0
1.00006249078, 0.998869781571, -1.02944242602, 1.0
1.01182709152, -0.995357598575, 1.04328501774, -1.0
1.02219642436, -1.0281517228, 1.02498973879, -1.0
0.997554726482, 0.981379551957, -0.971105076808, 1.0
-0.980838615168, -1.0527880663, -1.06206142539, 1.0
-1.00990345963, -0.999349200137, 1.00860753794, 1.0
-1.00162179511, -0.994979196433, -1.08082439484, 1.0
-1.04120033742, 0.975032538328, -0.918170743369, -1.0
-1.03262270612, 0.98425532021, -0.980537123766, -1.0
-1.01587709224, -0.959354115632, 0.964036344613, 1.0
-1.00309182781, 0.968896891115, -1.0294688174, -1.0
-0.967665758082, -1.01794394044, 0.981346088261, 1.0
-0.972044430283, 0.948113797841, -1.01614249292, -1.0
-0.948115822738, -0.970980744984, 1.04519529864, 1.0
0.998738910729, 0.998677954892, 0.994012789699, -1.0
1.01900434666, -0.995720286569, 0.93581728708, -1.0
0.977454936825, 1.02958187633, 1.04684210357, -1.0
-0.984646370834, -1.00323977609, 0.999754632527, 1.0
1.02824121556, 1.05833654839, -1.01340811906, 1.0
-1.00020113582, -1.00063746243, -0.993594342215, 1.0
0.989972021902, 0.96606817432, 0.949425874846, -1.0
-0.993898364055, 0.994224764849, 0.992308042514, 1.0
1.00004099274, -1.00010699504, 1.00037891699, -1.0
-1.07226831856, 0.991759789068, -1.05996043837, -1.0
1.00436197153, 0.980636219558, -0.958818449596, 1.0
0.994355392971, 0.999014547113, 1.01814476555, -1.0
1.04129534737, -1.05954750899, 1.00143020631, -1.0
0.977954233151, -1.02445312754, 1.02575576457, -1.0
1.0, 1.0, -1.0, 1.0
-0.93677703296, -1.05704475711, 0.975001311845, 1.0
1.01743837836, 0.986080109474, -1.00925881625, 1.0
1.00085640477, -1.00033942943, 1.07657980273, -1.0
-0.995465767383, -1.08226273549, -0.951290472482, 1.0
-0.982486194224, -0.996356912046, -0.964535419077, 1.0
1.0763200451, 1.02401299108, 0.994931945621, -1.0
-1.02075098007, 0.983283859765, -0.988022277412, -1.0
0.985020068061, 0.921609316299, 0.982754794402, -1.0
0.982879970454, 0.993237495151, -0.968657654544, 1.0
1.05339052667, -1.04940297545, 1.03858655275, -1.0
0.964530238638, 0.950173693468, -0.941920412057, 1.0
-0.99355659698, -1.00188122695, -1.01080439733, 1.0
-1.00000803727, -1.00001405926, -1.01567777459, 1.0
1.02545330304, 1.01307606709, -1.02586138391, 1.0
1.02558585136, -1.00645532052, 1.0931377778, -1.0
0.989762788164, -1.00496518082, -1.02532675241, -1.0
-0.983426514648, -1.03880840343, 0.957645080342, 1.0
1.07502455241, -1.02071179122, 0.955545946532, -1.0
1.00807839001, -0.998922416814, -1.09603076118, -1.0
-0.998973610628, 0.9931390008, -1.02796392958, -1.0
0.99267040205, 1.00615797128, -1.09233130513, 1.0
-0.995721225545, -1.00009775618, -1.00168785425, 1.0
0.999308312828, -1.00143042195, -1.01174530656, -1.0
0.921675944321, -1.01146215589, 1.0188903559, -1.0
-1.00282044751, -0.992466153214, -0.975017254915, 1.0
1.00179600542, 0.99647789021, 0.997116612942, -1.0
0.971658260121, -1.00196970062, -0.96975613526, -1.0
-0.961999651293, 0.960588184595, -1.08223835109, -1.0
-0.99630515154, 1.01056061194, -1.04063147151, -1.0
-0.987437777646, 1.01598686261, 1.02814388547, 1.0
0.986665323825, 1.00130199456, 1.04622404254, -1.0
0.999632545845, 0.999393842639, 1.00945778156, -1.0
-0.970992364788, -0.996609782041, 1.03370268925, 1.0
1.03814576653, -0.99023677506, -1.0227456762, -1.0
1.06961239334, -0.959433366452, -0.975768658888, -1.0
1.00186991967, -1.00213647924, 1.0946658064, -1.0
-1.07158645229, -1.01644330296, -1.05236595251, 1.0
-0.981922030504, -1.012847588, -1.02754232544, 1.0
0.949325698233, 1.01154040498, 1.03733422263, -1.0
0.99286482916, -0.983753148082, -0.9764123706, -1.0
1.00513299129, 0.997267539111, 0.977676089449, -1.0
1.01283749241, 1.02659172521, -0.941753467213, 1.0
1.00369794918, -0.993530589232, -0.994058106608, -1.0
1.0075499223, 0.989287246702, -1.05765429753, 1.0
-1.00585063714, 0.999651168808, -0.977186379128, -1.0
-0.99669328465, -1.00315725324, 0.998635026996, 1.0
0.999535216448, -1.00356972872, 0.992468977694, -1.0
-1.01270602903, -1.0064486968, -0.999889858345, 1.0
-1.01182201054, -1.00939668751, 0.995011965666, 1.0
0.996022623778, -1.00307133864, -0.9762685345, -1.0
-1.04152838848, 0.958562616027, 0.962872247067, 1.0
1.002474386, -1.01257048688, -0.927594415465, -1.0
-0.999480232943, 0.998930919977, 0.993259548631, 1.0
-1.00014988761, -1.00047892363, 0.998573527973, 1.0
1.00645177144, 1.01361449182, 1.02271339058, -1.0
-1.00206618491, 1.00734355686, 1.01326642105, 1.0
-0.984790746587, 1.01006430533, 1.01707943212, 1.0
-0.997976734145, -1.01979520885, -0.969661275439, 1.0
-1.06608377595, 0.986331267503, 1.03769677166, 1.0
0.982902137053, -0.93760764458, 0.957721480666, -1.0
-1.00448748913, -1.02006269103, -1.02096192856, 1.0
-1.05426231214, -1.02742966707, -1.05880090435, 1.0
0.984021202079, -1.0297315863, -1.08788651413, -1.0
-0.917133984727, 1.00500533942, 1.0184161852, 1.0
-0.978124079919, -0.977411133726, -1.07722884098, 1.0
1.06110707851, -1.03718004241, -0.938591060314, -1.0
-0.96738918406, -0.92826265791, 1.03599325919, 1.0
-0.94707055024, 0.986729863958, 0.957932474643, 1.0
0.997240603243, -1.00755845304, 0.960095748544, -1.0
0.98335191114, -1.06762566042, -0.959865157313, -1.0
-1.00377502553, -1.00293998141, 0.995335803149, 1.0
1.01168526275, 1.00480559908, 0.963411550644, -1.0
-0.988981986544, 1.00024211551, 0.950052532675, 1.0
1.05045957341, -1.01047856164, 1.0637967518, -1.0
-0.99786504653, 1.00221227898, -1.01221431506, -1.0
1.00120186566, 1.02573395638, 0.977701665907, -1.0
1.02823159646, -1.00346268015, 1.00949385339, -1.0
-0.998669794524, -0.999542614757, 1.00511576112, 1.0
1.00099836899, -0.994610820569, -0.98225895743, -1.0
1.0006163889, -0.99939869874, 0.988469188148, -1.0
-0.986364874981, 0.967122978859, -0.994524108211, -1.0
-1.0191075784, 0.948908016308, -1.06927482633, -1.0
-1.01263374092, 1.06144292934, 0.957867907066, 1.0
0.999615354329, -0.954535974986, 0.919757893788, -1.0
1.00072255903, -1.00121850609, -1.02365969956, -1.0
1.00072343354, 1.00730436631, 1.02795246946, -1.0
-1.03731852245, -0.95023582293, -1.00347304183, 1.0
0.99130778938, -0.999808360948, 1.02760532464, -1.0
1.00094765363, -1.00123812981, 0.997855120335, -1.0
0.999899724479, -1.00129165778, 0.904746386527, -1.0
-0.993500232338, -0.983518241466, -0.972559170353, 1.0
-0.99210886056, -1.01148642146, -0.973859449245, 1.0
1.01618716144, -0.993523623358, 1.00695380467, -1.0
0.987728398421, -0.991231003147, -0.978935251477, -1.0
1.00814606859, -0.969356095707, -0.977242135321, -1.0
-0.985788959428, 0.982219275942, -0.933610537545, -1.0
-1.00906257308, -1.04691246655, -1.0464716581, 1.0
-0.992550753025, -0.997508183281, -1.09824747331, 1.0
-0.999465966407, 1.00131673336, -1.01604794165, -1.0
0.982738610254, -0.994722567645, 0.935167889225, -1.0
0.980954176003, -0.991345716588, -1.00903923742, -1.0
0.957630502549, 0.943104533668, -0.978443841955, 1.0
0.96940020644, -1.03838885026, 1.01385423547, -1.0
0.977587451856, 1.00928616224, 1.00987672601, -1.0
-0.961778200429, -0.963996987123, 1.01194515888, 1.0
1.00020590306, 0.999896621793, 1.00057831194, -1.0
1.02022078596, -0.979772397813, -1.00537244282, -1.0
0.958635549798, 0.986277678594, 0.960188758171, -1.0
1.00506263063, 0.978230221986, 0.969057510948, -1.0
1.05873722674, -0.944840508276, 0.951936479307, -1.0
-0.956227075516, 1.04258983729, -1.07224972746, -1.0
1.0, -1.0, -1.0, -1.0
1.05113665173, -0.995107227651, -0.983924840716, -1.0
1.01803885631, -0.960315957697, 1.07018559588, -1.0
1.02353132312, -1.01885685147, -0.91922981841, -1.0
-1.00795850078, 0.999430278321, 1.05302138171, 1.0
-0.970580566863, 1.03584635853, -1.03571474118, -1.0
1.00379127736, -0.989091789453, -0.982315870514, -1.0
-0.998214690358, -1.00948681733, -0.994045966595, 1.0
0.965908856328, 1.05255948157, 0.949712401162, -1.0
-0.969218717878, 0.962405363716, -1.00307290788, -1.0
1.01986936151, -1.01238795065, -0.997023843393, -1.0
-0.997112930363, -1.00204627431, -0.934600729435, 1.0
0.998704264663, 1.00096843142, -0.962951169056, 1.0
-1.0186940961, 0.991005996309, 0.938293316703, 1.0
0.996226636329, 0.994818251368, -0.998737819029, 1.0
1.02499062626, 1.00397708819, 0.965244388665, -1.0
-0.982752118202, -1.01677218464, 1.05800147486, 1.0
1.01700057076, 1.02251434521, 0.997025747009, -1.0
-0.963464043929, -0.995851401123, -0.939474603986, 1.0
-1.01017812867, -0.989447686645, 1.08575688637, 1.0
-0.999928661712, 1.00015895958, 0.999781272527, 1.0
-1.09636594647, -1.00025003524, -1.01645309966, 1.0
1.00572120373, 1.00172626788, 1.00667886384, -1.0
-1.00540826603, 1.00258713626, -1.00377242151, -1.0
0.961948167573, 0.955098145385, -1.023595772, 1.0
1.001997124, 1.00712532315, -1.01063023758, 1.0
1.00512249929, -0.985310522142, 1.02259328111, -1.0
-0.99814479552, 1.00329326878, 1.00015236635, 1.0
0.988677565619, -1.01710495401, -1.00374013429, -1.0
0.989120364091, 0.973896416832, -1.01432375875, 1.0
0.996953737289, 0.998523212697, 1.00977687068, -1.0
-1.00776820816, 1.00842398543, 1.02117417388, 1.0
0.925069550919, -1.03025163653, 0.982081919077, -1.0
0.995971987837, 1.0041812669, 0.954333937751, -1.0
-1.04099785024, -1.0005511901, 1.07045616156, 1.0
1.0, -1.0, 1.0, -1.0
1.05791917552, -0.941516954333, -1.02951101621, -1.0
1.0006239311, 0.998048718918, -0.986780238552, 1.0
-0.994033062254, 0.934235179289, -0.986912625124, -1.0
-0.955729940261, -0.912431859551, -0.993678132726, 1.0
-1.0, -1.0, 1.0, 1.0
-1.00304328042, 1.03087257695, -1.09381278533, -1.0
0.932066194492, 1.05662562509, -0.979978674801, 1.0
0.946227712739, 0.958273585681, -0.99211303636, 1.0
1.03781597961, -1.04137487037, -1.02502437289, -1.0
0.992943886818, -0.932146876826, -1.07215848297, -1.0
-1.00144334147, 0.987088348379, -1.03472977243, -1.0
-0.997805525458, -0.998227664747, 1.05574634898, 1.0
-1.00264055241, 1.00080157301, 0.958619107023, 1.0
1.01045169688, -1.03164974877, -0.940748886027, -1.0
1.00237837157, 1.0603129215, 0.965910374589, -1.0
1.00938371226, -1.01458541975, 1.05773716051, -1.0
1.00539989569, -0.992699665259, 1.00319505121, -1.0
0.953652736551, 1.05179994221, 0.93598928434, -1.0
-1.0129854929, 0.998540092587, -1.03114243701, -1.0
-1.03623491794, 1.02344760667, -0.98849761705, -1.0
0.971228558791, -1.00762850301, -0.991819657033, -1.0
-0.950253646269, 0.97959388303, 1.07432451623, 1.0
0.951202213897, -0.978999347732, 0.969203611028, -1.0
-1.0005414535, -0.999313688404, 1.00063288619, 1.0
0.993630716684, -1.00397348511, 0.987362590286, -1.0
0.976411262522, -0.985697320011, 0.911336418976, -1.0
-0.978097145409, -1.02303588117, -1.00621484163, 1.0
-1.01206059261, -1.00920119915, 1.02016406622, 1.0
-1.02056481191, 0.958337039751, 1.0502727519, 1.0
0.999878222317, 1.02383161724, 0.941648463111, -1.0
1.00413369515, 1.03242753217, 0.997150684557, -1.0
0.945767999733, -0.921663141347, 1.0110975905, -1.0
-0.988750849956, -1.00949438611, 1.01115538636, 1.0
-0.998774511687, 1.00279793667, 1.00482897608, 1.0
-1.00024425263, 0.999828013941, -1.01748434965, -1.0
-0.995523269484, -0.926690151194, -1.05937545931, 1.0
-0.994274188201, 0.972710034285, -1.01358132214, -1.0
-0.975179511437, 1.00838441244, 1.00511776655, 1.0
1.02649277913, 1.02219207126, -0.988458131761, 1.0
1.0040096583, -1.00932688047, 0.940086010698, -1.0
-1.00264300392, 0.993280591038, 1.01350393707, 1.0
1.01837241876, -0.957254702033, 1.0608229963, -1.0
-0.981743636985, 1.00771151188, 1.023587647, 1.0
-1.02021386656, 1.02069303604, -0.994630563762, -1.0
-0.976555611289, -1.03587368763, 0.920337206503, 1.0
-0.995909990147, -1.02098061424, 1.00558842748, 1.0
0.983016898188, 0.973125793029, 0.971455514101, -1.0
0.996027206256, 0.996660483013, -0.99088604923, 1.0
1.00739057139, -0.995510796634, -1.0008538809, -1.0
1.0064945482, -1.03639902887, 0.93504342915, -1.0
-1.00769083207, 0.989454160693, -0.997881146348, -1.0
-0.988152443071, 1.00241476576, 1.04763553255, 1.0
1.00829355295, -1.03037025092, 1.02884358993, -1.0
0.973965841518, 0.965071819771, -0.955153425681, 1.0
1.03153373263, -1.02239989348, -1.01373098106, -1.0
0.972956115539, 0.986154322595, -0.992022200598, 1.0
-1.0034920977, 1.06912525617, -0.999750109972, -1.0
0.995186815885, 0.995727446285, 0.996961204269, -1.0
0.99098737198, 0.984454485086, -0.938993988944, 1.0
0.999919074663, 0.999299378651, -0.997298096035, 1.0
-0.999280336575, -0.999748269241, 0.994742096396, 1.0
-1.01723516182, 1.05347274641, -0.952009498903, -1.0
-1.00149541409, 0.998483523684, 1.00938624237, 1.0
0.993181024568, -0.994015781129, -1.06557623631, -1.0
1.02305446582, 1.01143159557, 1.08910480362, -1.0
-1.04760862143, 1.02282481524, -1.00510424923, -1.0
-1.02482903966, 0.956045728722, 1.02669243643, 1.0
0.99698864308, 0.995365904579, 1.02670964556, -1.0
1.00838319498, -1.00379171906, -0.990749871137, -1.0
-1.03751143386, 1.02462630807, -1.01060317113, -1.0
0.981540648458, -0.980296319885, 1.02683303984, -1.0
-0.933481091214, -0.990576396999, -0.956209289373, 1.0
0.959574162217, 1.03273480619, -1.04044141446, 1.0
0.976573211666, -1.03218757745, -0.962950197479, -1.0
0.999151811571, 1.00025773569, -0.997757371415, 1.0
1.00707135192, -1.02772132174, -0.969939515745, -1.0
1.00114259176, 0.995987130855, -1.03284940644, 1.0
-1.02506314619, 0.988834715939, -1.00201497896, -1.0
1.01023135862, -1.05292334086, -0.985215401755, -1.0
-1.00982527145, -1.01034358271, -1.08063809585, 1.0
0.999940677678, 1.00316689582, 0.907085617896, -1.0
-1.00986164784, -1.00585775056, -1.00768690788, 1.0
0.989386057799, 1.02108409594, -1.00351725123, 1.0
0.97726840788, 0.942021774853, 1.05574652154, -1.0
-1.04759035528, 0.976253876675, 1.04760889503, 1.0
-0.993756434641, -0.999428980706, -1.0168451831, 1.0
-1.00247742269, -1.00036400122, 0.96364357216, 1.0
1.01048452939, 1.0376094553, 1.03356996491, -1.0
-1.00779985768, 1.01430857671, -1.00397837685, -1.0
1.0430311185, -1.01744349183, 1.05477673512, -1.0
1.03151519846, 0.965535522456, 1.07531126937, -1.0
0.993274543725, -0.993436118635, -1.00871376254, -1.0
-0.981483706326, 1.01362581672, 1.0679602197, 1.0
-0.96045255891, -1.04886377451, 0.935712529344, 1.0
-0.977228712486, 1.0106269747, 1.06703485126, 1.0
-1.01085208254, 0.947592621833, 0.923393758202, 1.0
0.932711451689, 0.934144640952, -0.969849958988, 1.0
-0.977876046672, -1.02165162834, 0.935414021845, 1.0
-1.00011105427, -1.00009914205, 0.998505507265, 1.0
0.99832030562, 1.00324585947, -1.0191954116, 1.0
-1.01120811906, 1.04724549832, -1.02507648193, -1.0
-1.00137575124, 1.00008641725, 1.03273343511, 1.0
-1.02300860075, 1.01498373232, 0.934241194909, 1.0
-1.03968088078, -0.995869480968, 1.07868671137, 1.0
1.00949190465, -0.991484506908, 0.980850782527, -1.0
-1.05836461051, -1.03471398822, -0.998602923826, 1.0
0.901352645065, 0.990366808389, -1.01324271743, 1.0
-1.00798366016, 0.999196599929, -1.05069568992, -1.0
-0.991430481756, -0.995608036072, -1.01599321702, 1.0
-0.98503929034, 1.01518000235, 0.98090812792, 1.0
1.02185945011, -0.989679074926, -0.987058254351, -1.0
0.99522242768, 0.991206176365, -1.02105333685, 1.0
1.00880843851, 1.00256302378, -0.996266432236, 1.0
0.974846526401, 0.932383372131, -1.02254532517, 1.0
-1.00053896738, -1.0000839682, 1.00530397844, 1.0
1.0015577547, 1.00047713311, -0.959268294428, 1.0
1.00533309491, 1.01224430281, -1.00728134754, 1.0
-1.02354741423, 1.06831188027, 0.941006867412, 1.0
-1.00127324083, 0.997720539783, 0.937594627329, 1.0
-1.02523931845, -0.994020379127, 0.948167649144, 1.0
0.994007938473, 1.0126045936, -0.990426818355, 1.0
-0.986539910395, 0.980072775386, -1.09577430726, -1.0
1.01224320132, -1.00528057926, -0.999394613784, -1.0
-1.01555816935, -1.03980588643, 1.08869337335, 1.0
1.01000277466, 1.01811853877, -0.954319971477, 1.0
-1.00097755203, 1.00136216928, 1.02607495501, 1.0
-0.935431967182, -0.9770216845, 1.02872064786, 1.0
-1.04233792403, 0.948843520104, -0.930466837958, -1.0
-1.00295418075, -0.948798024308, 0.982515686082, 1.0
1.02023440338, 1.00229742733, 0.978450776144, -1.0
-1.01192459378, 0.955315778042, -0.999962813687, -1.0
1.03362935926, -1.04419263667, 1.04226637928, -1.0
-0.991375059777, 0.990898545661, -1.00352556349, -1.0
1.04330635904, 0.98302289628, -1.05502862879, 1.0
-1.05471253509, -1.05730481837, -0.985651524723, 1.0
-1.0008056927, 0.999932755101, -1.02700985972, -1.0
0.998850358854, 1.001198861, 0.989772295197, -1.0
-0.998574502003, -1.00021528817, -1.02938164482, 1.0
0.987946304416, -0.955437492083, -0.998588679225, -1.0
1.00007484655, -1.0000219833, -1.00139267394, -1.0
1.00000311036, -1.00000644688, 0.992579979888, -1.0
1.06658557347, 0.931257315439, -0.972189506483, 1.0
1.03216821031, -1.00674982838, 1.02344829567, -1.0
0.983357291404, 1.00273015944, 1.04773932853, -1.0
0.957549958557, -1.00706734142, -0.955258649135, -1.0
-0.982714283024, 0.995589496706, 1.00369514875, 1.0
-1.01046982556, -1.04570312102, -1.00743145781, 1.0
-1.00881701319, -0.980279331243, -1.02027629857, 1.0
-1.00948508734, -0.971679314861, 0.980012761488, 1.0
1.00056325097, 1.003667743, 0.990860483472, -1.0
1.04493935257, -1.02029838553, 0.9587316223, -1.0
1.05962884848, 1.0035637021, 0.927955191417, -1.0
-1.03259653281, -0.987331993363, -0.908366017887, 1.0
-0.991084123179, -1.04100409334, -0.959617426598, 1.0
0.984673586601, -0.98561236672, -0.99801481206, -1.0
-1.00668921636, -1.00696474487, -1.0008668591, 1.0
-0.992900729544, -0.998971744277, 0.996067729747, 1.0
1.01577873893, 0.983966198177, 1.00064383479, -1.0
-0.949661943473, -1.00392833434, -0.922815187078, 1.0
0.993887375251, -1.00340063618, -0.995091205452, -1.0
-1.03847990749, 0.927153139318, 0.970881569458, 1.0
0.989722033736, -0.991792475495, -1.05595490636, -1.0
0.987424697004, 0.986265619322, -1.01204701483, 1.0
-1.00077776143, -1.00120709539, -1.06119024809, 1.0
1.00783603872, 1.01147927691, -1.09620891312, 1.0
-1.00052431179, -1.00211277117, -1.08775716754, 1.0
-0.999194319782, -1.00080150676, -1.01886207876, 1.0
0.941916458152, 0.989244254896, -1.06022213639, 1.0
-0.999803654804, -0.998973200558, -1.01350081955, 1.0
0.99644035926, -1.00260562069, -1.00525498402, -1.0
1.06923058676, -0.999108461776, 0.969361914669, -1.0
1.06225374374, 1.03540815336, -1.05190273766, 1.0
1.0305946086, -1.00292446936, 0.94890126875, -1.0
1.0065509257, -0.99487772294, 0.963543262546, -1.0
1.05705265946, 1.03554640869, 1.0073383227, -1.0
0.995333562672, 0.995559485575, 0.960627117907, -1.0
-0.996110337978, -1.0077665273, 0.984931035888, 1.0
-1.03796615913, -1.06112243302, -0.991080039196, 1.0
0.996701602629, -0.964447315324, 1.03101170352, -1.0
1.00324042375, 1.00521252544, 1.00397713351, -1.0
0.992413787179, -1.00887370723, 1.00296259373, -1.0
-1.00553887251, 0.9904821725, 0.912410639068, 1.0
-1.02007797543, -1.03327848478, 0.969412688955, 1.0
-1.01401657379, -1.04720639966, -0.981650745599, 1.0
0.998001005288, -0.999556644842, -0.990442838588, -1.0
0.956540818078, 0.962146703893, -0.954643292753, 1.0
-1.00061456228, 0.996443912178, 0.995297113113, 1.0
-0.997431759362, 0.998599131609, 1.00011050707, 1.0
0.964884736547, 1.05912154423, -0.938465945053, 1.0
-0.994159522972, 1.00165987026, 1.08795600521, 1.0
-1.00749198253, 0.93865873981, 1.04469289674, 1.0
-1.03976498368, -1.01905899316, -1.02238505414, 1.0
1.00196962321, -0.993009229772, 1.04838026869, -1.0
-1.03277214055, 0.999924976184, -1.04770035861, -1.0
-0.952727263079, -0.961602148862, -0.99563599061, 1.0
1.00149659126, 0.999399484054, 0.94601210871, -1.0
-1.02286188902, -1.00713010765, -0.916426927261, 1.0
-1.02643483268, 1.0063983396, 1.01686668263, 1.0
-1.01517955488, -1.01476552139, 1.00598947355, 1.0
1.02666707652, -1.00820572242, -1.05250213414, -1.0
-0.989938363883, -1.00337938716, -1.04177580678, 1.0
1.0041196847, 0.990542747481, 0.988792450344, -1.0
1.00654832266, -0.987721527304, 0.942677726916, -1.0
-0.986832750099, -1.03294476815, -0.932035766892, 1.0
-1.00088278544, 0.996775821385, 0.9728221138, 1.0
-1.00082826454, -1.01044471875, -1.04353352676, 1.0
-0.987839212116, -1.00404137321, 1.00561340575, 1.0
1.00484128115, -0.996494628439, -0.993316157048, -1.0
-1.02413353886, -0.989418791097, -0.9876437972, 1.0
-0.993529943793, 0.996099486346, -0.944774731531, -1.0
-1.00599627198, -0.986300441189, 1.075218227, 1.0
0.976519225966, -0.974799586942, -1.0120245314, -1.0
0.963520949999, 0.989637644607, 0.959369388101, -1.0
1.02136299791, -0.955770791823, 1.02541692059, -1.0
-1.0250589709, -0.999315532648, -0.980021276337, 1.0
-0.991862101759, 1.00929057972, -0.944278308887, -1.0
-1.01409543209, 1.00073767994, 1.00098313735, 1.0
1.08843110613, 0.984310102633, 1.01539499927, -1.0
-1.04709935782, -0.973099361522, 1.03489497899, 1.0
1.01201277723, -0.970101449514, -0.925838157851, -1.0
1.0002134508, -0.994164533028, 1.00819965046, -1.0
-1.00941351988, 0.958220613757, 1.05771337332, 1.0
1.00913118311, -1.03206124936, 0.910508195841, -1.0
-0.942145004076, 0.983259384003, -0.95103174873, -1.0
1.00064232564, -0.999306573498, -1.00396186163, -1.0
-1.00371110617, -0.998014966168, -1.00574462249, 1.0
-1.02605647436, 1.00027116645, -1.02553293047, -1.0
0.946054980609, -1.05142440249, -0.970449264914, -1.0
-0.93273843751, 1.01733339389, 0.934915718885, 1.0
1.03603169565, 1.08105502981, -1.0188135227, 1.0
-0.997297479468, -0.964848998431, 1.01303049974, 1.0
-1.0, 1.0, 1.0, 1.0
1.00166723293, 1.0078569397, 1.01010168923, -1.0
1.00119455541, 0.999553055143, 1.02977531984, -1.0
-0.976850100055, 0.975223668586, -0.997267669482, -1.0
-1.04273091201, -0.974672762083, -1.02615074403, 1.0
0.989854303543, -0.98030619133, -0.970852624787, -1.0
-0.988671234046, 1.00981172831, 1.00990160283, 1.0
1.0032185666, -0.992596281517, 0.933473618122, -1.0
0.995211563035, -0.990343217883, 1.01811696485, -1.0
-1.00653717018, 1.03708978424, 0.992872085562, 1.0
-1.08244270455, -1.02016348881, 0.952055270437, 1.0
0.987431427824, -1.00011278269, 1.00695089635, -1.0
-1.01371443832, -0.969838124792, 0.947151156709, 1.0
-0.965504187285, -0.934411075046, 0.985306127348, 1.0
0.963738139901, 0.939638748947, 1.00540942125, -1.0
-1.00254953019, -0.965843032779, -1.00148719493, 1.0
-0.99947522959, 0.998130734744, -0.999868086346, -1.0
-0.941724663768, -0.944113933432, 0.956602826509, 1.0
-0.99844744099, 0.989285990075, 1.04220643047, 1.0
-1.01669453294, -1.00214622985, -1.08951609937, 1.0
0.967925703534, -1.00587263069, 0.993305042547, -1.0
-1.01501951348, 1.01076899728, -1.03278004676, -1.0
1.03513475096, -0.986059663514, -1.00742539981, -1.0
0.992110193752, -0.991523660926, -1.0143279235, -1.0
0.980800150734, 1.00121002701, 0.931501655888, -1.0
-0.995027436117, 1.02114630013, -1.01072603548, -1.0
-1.0058247857, 0.989048693502, -0.912210978253, -1.0
1.00065472619, -0.984798381655, 0.925446653178, -1.0
0.994106969958, -0.990774519321, -0.98027656933, -1.0
0.994322351008, -0.969212641085, -1.09391631971, -1.0
-0.96769384604, -0.935056517319, -0.995494689741, 1.0
-0.999003273967, -1.00003869708, 1.03000826832, 1.0
0.994539087289, 0.985634183898, 1.01136663268, -1.0
-0.988746970311, -0.989781278589, -1.08338047398, 1.0
-1.02115289133, 1.02500740571, 1.07239051369, 1.0
1.03079820244, -1.06736994302, 0.958944500825, -1.0
0.98905545289, -1.0623239673, 0.936404130435, -1.0
0.970981636987, -0.966124222091, -0.978384455888, -1.0
1.02317669438, 1.04085779198, 0.951911718989, -1.0
-1.0735112294, -1.02679052331, -0.957157750762, 1.0
-1.00050225477, -0.998648685516, 0.998761789492, 1.0
-1.0312775257, 1.02663022662, 1.02878165444, 1.0
-0.998070753609, -0.98313153407, -0.97259769576, 1.0
1.00017431408, -0.993081646097, 1.03677620084, -1.0
-0.994134401245, 1.02871795617, 0.954336036579, 1.0
-0.996763025836, 0.995313710462, -1.0148959125, -1.0
0.956765275381, 0.981694710509, -0.999736115628, 1.0
1.01484736119, -1.04968123617, -0.985350512733, -1.0
0.998293130535, 0.999547365515, 0.970866943975, -1.0
-0.966991998511, 1.05202711791, -0.966374380708, -1.0
1.00080872416, 1.00475131314, -0.99700141904, 1.0
1.04615680144, 0.945856447846, -1.05834137054, 1.0
-1.07215891473, 0.992699466989, 0.974104034961, 1.0
-1.00740568581, 1.00956701082, -1.00851713888, -1.0
-0.999399059996, -0.998366832019, -1.0637476435, 1.0
0.977560879247, 1.00532161392, -0.904680476273, 1.0
-0.984889277171, -1.00085274867, 1.01717303431, 1.0
-0.977191403063, -0.997805828176, 0.934938835757, 1.0
0.999968279673, -1.02772508643, 0.995801662573, -1.0
-0.942212295016, -1.0070541561, 0.935810055398, 1.0
-1.0201680702, 1.00539819075, 0.926134937058, 1.0
-0.998565296026, 0.999653447094, 1.0983885032, 1.0
-0.958212346555, -1.04104964114, 1.03602052035, 1.0
0.995655990742, -0.99863193793, -0.994684310227, -1.0
-0.999414032988, 0.995307702973, 0.990130402682, 1.0
-1.01068710105, -1.0018436912, 1.00360913738, 1.0
0.960777325084, -0.988662769761, -1.06802256066, -1.0
1.02118085119, 1.01297927713, 1.0217398902, -1.0
0.987927021512, -0.970437809321, 1.02357016025, -1.0
-1.00385212933, -0.989353742616, -1.03113477747, 1.0
-0.998744203074, 0.991992372954, -1.01317743472, -1.0
-1.01193978292, 0.996055244093, 0.948046376087, 1.0
0.99571577554, -1.00223574473, -1.04693948228, -1.0
-0.993914692651, -1.00109733349, 1.01487009636, 1.0
-1.0382251849, 0.921366542472, 1.025119489, 1.0
0.957502547615, 0.939326797228, 1.04936461303, -1.0
-0.98994356086, 1.01497951216, 0.91810555617, 1.0
0.995834540373, -0.996027762103, -0.98813305287, -1.0
-0.997602042397, -1.00031513825, 0.981448147814, 1.0
-1.04145386833, 1.01313762199, -0.94398208193, -1.0
1.00781389333, 0.977840949681, 0.944775222838, -1.0
1.00123527116, -1.00113058124, 0.995722040772, -1.0
-0.996457184127, -0.984325487208, 0.965936837952, 1.0
-1.00616190366, -1.05119315063, -1.03388278368, 1.0
-1.01953541871, -1.01656892189, 1.08195099027, 1.0
-0.973896429835, -0.931542206401, 0.9693738525, 1.0
-1.00091546777, 1.0018332313, -1.01135542431, -1.0
1.01530318115, 0.952124222243, 1.03725670245, -1.0
0.943798948288, -0.918042424508, 1.00375273412, -1.0
-1.00079919791, 0.999992801475, -0.99969774385, -1.0
-0.999580977278, 0.999055425082, -1.00019490702, -1.0
0.955949164507, 0.993427439298, -0.967240267653, 1.0
-0.972642251343, -0.991660114638, 0.945957166506, 1.0
0.998515704433, -0.996935744196, -1.00649234622, -1.0
-1.02922348218, 0.987628734207, -1.04390029596, -1.0
0.999631340901, -0.997718193565, 0.932667382735, -1.0
-1.00289935319, -1.00578548168, -0.992684875522, 1.0
-0.999810954548, -1.00035085448, 1.0011467187, 1.0
-1.0219136759, -1.0334966856, 1.00417486651, 1.0
0.991092010714, -0.994718131826, 0.909080405512, -1.0
0.952503490519, 1.00060978574, -1.0735536838, 1.0
0.997006147894, -0.99370994781, -0.933028758095, -1.0
1.02728494304, 1.01114393428, -1.04242715471, 1.0
-1.0, 1.0, -1.0, -1.0
-0.949556781904, 1.01235348023, 1.07588883778, 1.0
-0.97967311474, 0.965049337262, -1.03257583994, -1.0
-0.989082333115, -1.01774775745, -1.02678937871, 1.0
0.999082315358, -1.00489515649, 0.917262763995, -1.0
-1.0097060572, -1.00156110286, 0.961309656485, 1.0
1.01011488801, 0.969260945272, -0.981635738321, 1.0
1.03108877603, -0.993320120506, -1.06216644739, -1.0
-0.995345918061, 1.04996023803, 1.02453104464, 1.0
0.973274932303, 1.07750967132, 0.980437714188, -1.0
0.985481684365, 0.988232768804, 0.969225293739, -1.0
-0.993642871123, 1.0295862414, -1.03804203322, -1.0
-1.05870033665, -1.0115311508, 1.01034736772, 1.0
-1.01531189603, 0.974842516495, -0.931985260425, -1.0
1.0370625659, -0.980283805821, 0.931418266588, -1.0
0.984738873647, 0.91921628963, -0.949876678558, 1.0
-1.00431071856, 0.997783002206, 1.02098097481, 1.0
0.992851460906, 1.01255436859, 1.01412530629, -1.0
-0.967331277643, -0.940229841405, -0.970649337145, 1.0
-1.00026664355, -0.999682936174, 1.00266801896, 1.0
0.991073680936, 0.981323829029, -0.920445394485, 1.0
0.981632654356, -1.01044112075, -1.02694515738, -1.0
-1.00136218372, 1.00307093284, 1.00324282385, 1.0
1.00809420226, 0.997847078764, -1.05061108568, 1.0
-1.01053833811, 1.00368764029, 0.915718365449, 1.0
-0.993511827487, -0.997313154606, 1.00182056711, 1.0
1.01060126275, 0.948481648675, 0.925609131254, -1.0
-0.956897133577, -0.936552001153, -1.05142413024, 1.0
1.00007713384, 1.00044922142, -1.00050685624, 1.0
-0.996911014639, 1.00114413979, -0.984218092031, -1.0
-1.03916893159, -1.01298442818, -1.08852184633, 1.0
-1.00657051345, 1.02383914233, 1.00255267926, 1.0
-1.01676286096, 1.01425919127, -0.988248067492, -1.0
-0.971567074287, 0.992261945086, -1.0022762076, -1.0
-0.994335180626, -0.938258368195, -0.959408748011, 1.0
-1.00679974826, 1.03673589865, -1.05128848614, -1.0
0.994036347581, -1.04007649509, -0.961957472098, -1.0
-1.00331151497, -1.00483982019, 0.996685015722, 1.0
1.06656270671, 0.991036534305, 0.964418080881, -1.0
1.03232887184, -0.971064837631, -0.990189108968, -1.0
-0.999171668176, 0.996125771061, 0.90305306871, 1.0
0.997303119679, -0.976822228396, -0.925826958733, -1.0
0.980245409183, 0.995901660008, -1.06943569109, 1.0
-0.995508216141, -0.999231456272, -0.992550795163, 1.0
0.960400265578, 0.974218306349, -0.953645980855, 1.0
1.00360242676, 1.0010791357, 1.02244744569, -1.0
-1.00005599554, 1.00003801289, -1.00015085405, -1.0
-0.999309214255, -0.987790383357, -0.995335077258, 1.0
-0.984375974218, 1.00153881096, -0.969382185248, -1.0
-1.00531940787, -0.998565685329, -0.984567497901, 1.0
1.02279728948, 0.976816797431, -1.0564303593, 1.0
-0.999606681676, -1.00012186974, 1.00037846003, 1.0
-0.972827293631, -0.978563939578, -1.07117866703, 1.0
-0.993021900585, 0.982560330359, -1.08186157571, -1.0
1.00001118483, -0.99988180063, 0.997144546667, -1.0
-1.03536202934, -0.967277296863, -0.995355523919, 1.0
-1.06190042141, -1.01131688393, -1.05221689909, 1.0
1.0, 1.0, 1.0, -1.0
-0.991265264699, 0.988977276975, 1.09549905532, 1.0
1.02028774315, -1.00552698457, 0.975855074818, -1.0
0.982687150986, -1.0339703042, -0.993703070814, -1.0
1.08429858885, -0.994971150056, 1.04927884252, -1.0
0.94891468758, 0.98566432978, 1.03145173387, -1.0
-0.985717500587, -1.00653704147, -0.985550965615, 1.0
1.08407942884, 0.983956581097, 0.958407901587, -1.0
1.02482875947, 0.998516152584, 1.02359642473, -1.0
1.01824669929, 1.01879660272, -1.01044422891, 1.0
0.953467098061, 0.976696394932, 0.918206118403, -1.0
-0.995144264955, 1.00918124726, -1.00299897446, -1.0
1.01033783869, -0.999634984894, 1.00373866305, -1.0
1.01604544788, 0.984573640896, 1.06041344603, -1.0
-0.942839199212, 0.988690801944, -0.9972838241, -1.0
-1.00362265404, 0.999008815767, 0.995406028195, 1.0
-0.969349081342, -0.986716977476, -1.05850596357, 1.0
-1.02228215902, -1.01294490788, -0.930908298454, 1.0
1.06877331768, -0.970364488483, 0.981208213386, -1.0
-0.996309083795, -1.05845567236, 1.01698548062, 1.0
-0.999738957051, 1.02111598572, -1.01578774995, -1.0
1.00010629721, 0.995292530597, -0.968141855383, 1.0
-1.04150287681, -1.05145866454, 1.04310116416, 1.0
0.996428435825, -0.998005504912, -0.99553229358, -1.0
0.987016850439, 0.985484621162, -1.02487191976, 1.0
1.00138279548, -0.985416360526, 0.945865803948, -1.0
0.992189152125, 0.98125806945, 1.02531841584, -1.0
0.99215768565, -1.0231898436, 0.991100503321, -1.0
1.00153957149, -1.00157142817, -0.976535885851, -1.0
-1.00132741423, 0.996038128304, -1.00062179542, -1.0
1.02489160848, 0.997253560213, -0.985009189326, 1.0
-0.998712072585, -1.00035737914, 1.00192077851, 1.0
-1.01893982953, 0.990095621082, -1.07797415788, -1.0
-0.990309923339, 0.954035254074, 0.915474945443, 1.0
1.00603341533, -0.992775603489, -1.00143777348, -1.0
-0.987526340964, 0.999670478084, 0.920362229276, 1.0
1.00078543621, -1.00183407254, -0.999806455898, -1.0
1.01175974095, 1.01246306175, 0.956671444062, -1.0
-1.0198984394, -0.996091782833, 1.05265594425, 1.0
-0.927146657123, 0.996345334137, 0.992798297671, 1.0
-0.992562706728, -1.03194968746, 1.06791741148, 1.0
1.0500329234, 1.06905271897, 0.987540897399, -1.0
0.987857308694, -1.00821508817, -0.974593306623, -1.0
1.00339352956, -1.00038015928, -1.04127670474, -1.0
0.995102324573, -0.976367549065, -1.01652053401, -1.0
0.929159562427, 1.03865424145, 0.984672646648, -1.0
-1.02559042086, -0.925421184538, -1.00074048301, 1.0
1.01119092491, -0.995726639713, -1.01782150991, -1.0
0.999408620858, 0.996359634597, 1.03929067226, -1.0
-0.998057975722, 0.990270590437, 0.995291084348, 1.0
1.04084248012, 1.01974538363, -1.02185695561, 1.0
0.993350815523, 0.998223698644, 0.974255827323, -1.0
1.02216365696, -1.0058619576, 0.97842213266, -1.0
-1.00116992372, -0.999981802593, 0.986419576476, 1.0
-0.910174143334, -1.03448178824, 0.986702471955, 1.0
1.01865617724, 0.949258957366, -0.992271829608, 1.0
-0.977937007087, 0.97215658526, -1.09343807174, -1.0
-1.00257902906, -0.997613051525, -0.921345884085, 1.0
-1.03317386022, -0.973540498225, 0.936477759191, 1.0
1.00050419952, -1.00165302332, 0.975054389845, -1.0
0.995737251013, -1.01369218989, -0.979928114185, -1.0
-0.998728053896, 1.01318509226, -1.07383911367, -1.0
-1.0001454324, 0.99880898118, -0.943311520366, -1.0
-1.00371950332, -0.998923843653, -0.998698074474, 1.0
-1.06431556537, 0.995321356775, 1.05554603547, 1.0
0.996828037027, 0.999471590551, -1.06354902465, 1.0
1.01064102122, 1.04239463155, 0.985630031983, -1.0
-0.991754578542, -0.998646819114, 1.00624118051, 1.0
0.997745460814, 0.993099978583, 1.00132305917, -1.0
0.958895950825, -0.983520214734, 1.01043769799, -1.0
0.992103337894, -0.997719120071, 0.999655718481, -1.0
1.02256640082, -0.994290698071, -1.00031676836, -1.0
0.953698661994, -0.983246715689, -1.0244533059, -1.0
1.0327029937, -1.00924622994, -0.97930302293, -1.0
-0.998914088599, -1.03560691147, -1.02389336672, 1.0
0.997949459535, -0.994488899144, -1.05484029225, -1.0
-1.0577858122, 0.96887067476, 0.971915543388, 1.0
-0.990717281396, -1.00531947374, 1.01975622484, 1.0
1.03312842437, -1.03585291139, -1.03005927234, -1.0
1.00137825956, 1.00391499432, 0.996540446545, -1.0
1.04005135457, -1.00386034723, 0.996323054263, -1.0
-1.00059035713, -1.00008195493, -0.984075857378, 1.0
0.957201137453, 0.981368678755, -1.02726286193, 1.0
1.02907170681, 0.982666114836, 0.948664853402, -1.0
1.01414415656, -1.01127924097, -0.985941496546, -1.0
-1.00625472234, -1.00009757043, -1.01951606361, 1.0
-1.00615363049, 1.0183944867, -0.996218635421, -1.0
1.00748760007, 0.967435479657, -1.00026676105, 1.0
1.01504521376, -1.00763326493, 1.01581339034, -1.0
0.944474143759, -0.980742853721, 0.991651839852, -1.0
0.969277994451, -0.993155637539, 0.905435263168, -1.0
-1.0368758498, -1.00043879975, -0.98062179186, 1.0
-1.06490686819, 1.03746585703, -1.00256326442, -1.0
1.00701299091, 1.02475577521, -1.00606647926, 1.0
-0.981564113023, -0.980547208782, -1.05895382231, 1.0
-0.999702906774, 1.00033892354, -1.00040310727, -1.0
1.01908636379, 1.00455203894, -0.955407356638, 1.0
-0.994144734204, -0.99330777973, -0.993288515484, 1.0
-0.968715588584, 0.976637928914, -1.02192291477, -1.0
0.987576880544, -1.02798934534, 0.984055755409, -1.0
0.981410280467, -0.983621950575, 0.957268107028, -1.0
0.997687885065, 0.997177436289, 1.01156563588, -1.0
0.99412342509, 1.00560925455, -1.00020135688, 1.0
-0.986990318058, -0.994772893266, 0.994403137771, 1.0
-0.933373658371, -1.04067079412, -1.01320774679, 1.0
0.991705091324, 1.0029341667, -0.997818150929, 1.0
-0.997927904121, -0.990754732495, 0.963641240101, 1.0
-1.08335366735, 1.01854315956, 1.01337647628, 1.0
0.996898031125, -1.01957040114, -0.990111483361, -1.0
-0.999632034514, -1.00082890752, 1.00775391787, 1.0
0.999973914669, -1.00108380112, 1.00975475292, -1.0
0.971682219857, -0.996185745541, -0.969428469167, -1.0
1.00759621604, 1.03655058888, 0.968485053064, -1.0
1.02320529966, -1.00491255121, 1.02463623975, -1.0
-1.01504202684, 0.932797551182, 0.967423375346, 1.0
-1.0077813694, 0.998283805319, 0.991687110898, 1.0
-1.00805176725, 0.98819528319, 0.99662734325, 1.0
-1.00386241758, 1.00192822095, -1.03475777056, -1.0
0.979672190637, -1.05436716075, -1.07835271886, -1.0
-1.01853306505, -1.05231720746, 0.990978549802, 1.0
-1.00037759619, -1.00245434671, 0.955049386213, 1.0
0.937025226978, -1.00733621602, -0.930402178821, -1.0
1.06414433606, 0.983728845053, 0.983300180963, -1.0
-0.972834934702, 0.971924644481, 1.08531518572, 1.0
-0.999540096611, -1.00840142955, 1.01818099827, 1.0
1.0004076959, 0.999479752143, 0.999607863039, -1.0
1.00068872218, -1.03621105784, 1.02091566118, -1.0
0.965576113008, -0.976012802996, 0.945574693632, -1.0
-1.03690434604, -1.0569564154, 1.03654466806, 1.0
1.0263317253, 1.03370679291, 0.950780612053, -1.0
-0.985547265228, -0.924577727227, -0.949825969967, 1.0
-1.0000937766, 0.999801157267, -0.98936892905, -1.0
1.02346648474, 0.997365144457, -1.0235074817, 1.0
-1.03881657387, -1.05877746055, 1.00538894947, 1.0
1.01567237474, 1.01923307494, -1.00279135033, 1.0
-1.04942459889, 0.990025287066, -1.01653170272, -1.0
0.983988966302, 1.05206330052, 1.00622502676, -1.0
1.05396816298, 1.0132416186, 1.07909145972, -1.0
0.995092321379, -1.02994304261, -0.993418874114, -1.0
0.961850218147, -0.99005861925, 0.916818009101, -1.0
1.00111060383, 1.01055691008, 0.993601450812, -1.0
-0.947197104474, 0.999094340402, 1.07366446175, 1.0
0.995983720029, 0.996649138415, -1.02016487774, 1.0
-1.00116875313, 0.994984424186, -1.02962546489, -1.0
1.00409525307, 0.998835028283, 1.09589766521, -1.0
1.00018339647, -1.00011909677, -0.980032381409, -1.0
-0.995882783573, -1.07866039189, -1.00730134001, 1.0
0.958402856655, -1.07927634206, -1.00169753959, -1.0
-0.999130466618, 0.99944749495, -0.998941898053, -1.0
-1.00748094385, -0.979266130191, -0.997441505873, 1.0
1.00763481331, -0.989468850828, 0.931806237931, -1.0
1.0016032822, -1.00993473635, -1.00796927921, -1.0
-1.00132343333, 0.99969854958, 0.991094594803, 1.0
0.987838679584, -0.945053164862, -0.949244364174, -1.0
-0.965689256578, 0.992259036971, 0.971186818151, 1.0
0.989684934055, 1.00978698096, 1.07588198432, -1.0
-1.01248968925, 0.979876119317, -0.98279199873, -1.0
-1.00051995289, 1.00002796233, -0.98453998784, -1.0
0.995760482205, -0.99857842807, 1.02346050728, -1.0
