0.102614188075, -0.117352559013, 0
-0.374577226921, 0.116257695991, 0
0.61077092578, 0.814910385277, 0
0.255919923034, 0.766057740742, 0
-0.581341717793, -0.016502207303, 0
-0.982120226485, 0.404955332246, 0
-0.264278316411, -0.925033478859, 0
-0.0162681179197, 0.839234992916, 0
-0.248856804432, 0.995557155739, 0
0.0172998122936, 0.490785318006, 0
-0.69807549766, -0.168642956633, 0
-0.389563919251, 0.271139249292, 0
0.116005278537, -0.542823447982, 0
-0.295109586471, 0.401964751486, 0
0.647256384548, -0.557763712183, 0
-0.695397738208, -0.0436713923996, 0
-0.908702135087, 0.240541231224, 0
0.989310338766, -0.738395167381, 0
0.821760006264, 0.834320826849, 0
-0.397112987191, -0.765500531795, 0
0.55705232766, 0.225867673546, 0
0.12309152028, 0.839500631609, 0
0.0916476105332, -0.620973403975, 0
-0.591603959274, -0.984543912557, 0
0.725263545821, 0.468702075856, 0
0.267403076147, -0.0892103910697, 0
-0.735415364152, 0.5733226802, 0
-0.659886886963, -0.342253228416, 0
0.145498771697, -0.101323602303, 0
0.621635246982, -0.833296135107, 0
-0.336623961666, 0.777495293393, 0
-0.120391977324, 0.399110553612, 0
0.266908906952, -0.676908176418, 0
-0.659393230412, -0.509465078633, 0
0.012535500839, 0.610683543703, 0
0.741899383266, -0.337982710843, 0
0.386764203196, 0.997591850551, 0
0.301107179095, -0.225793730119, 0
-0.808436637751, 0.740660545933, 0
-0.105331654238, 0.576841808877, 0
0.892407001831, 0.0323476812528, 0
-0.440511761972, -0.387326015195, 0
0.0594578471081, 0.599206520873, 0
0.912289706842, -0.971661040019, 0
0.493473035634, -0.991722791167, 0
-0.658390998429, -0.328631721097, 0
0.710343498133, -0.774440538134, 0
-0.166651780128, 0.81703646411, 0
0.220178379926, -0.0727800083231, 0
0.405179786713, -0.710452666637, 0
-0.228957093297, -0.668094695711, 0
0.144611560906, -0.613180955219, 0
0.777620618583, 0.0442265211885, 0
-0.557984610896, 0.490570586845, 0
-0.0649765911726, -0.679425979233, 0
0.20216461877, 0.599535249629, 0
0.551099462984, 0.870036465858, 0
0.558229429341, -0.27397433356, 0
-0.581979912322, 0.442385615574, 0
0.028707370227, 0.326978528713, 0
-0.744416441866, 0.32497235678, 0
0.779184174335, 0.516789188553, 0
-0.354421858917, 0.991557738896, 0
-0.515995352614, 0.392762678874, 0
0.487906185558, 0.435128380334, 0
0.865345278931, 0.222461736046, 0
0.570565225878, 0.397606150858, 0
0.413552202231, 0.920844779629, 0
-0.206918397357, -0.94347048995, 0
-0.996265193843, 0.229724884492, 0
0.180274570213, 0.900330960592, 0
0.839759545584, 0.318714692988, 0
-0.65909666682, -0.354658275756, 0
-0.529685010289, -0.296175179923, 0
-0.966731627764, 0.175171887728, 0
0.698855280291, -0.179644234562, 0
-0.820565745376, -0.52872574317, 0
-0.0654593483558, 0.420573543233, 0
-0.166211764031, 0.996074442831, 0
-0.806221586796, -0.0534058493794, 0
0.403251184283, 0.0285553296499, 0
0.979263982942, -0.628799936802, 0
-0.114144167431, 0.741717449204, 0
0.813766025307, -0.946417037306, 0
0.785177021615, 0.00760719290309, 0
0.266931656938, -0.534915691801, 0
0.886586231057, 0.000150555828337, 0
-0.0812236941657, -0.269041933504, 0
0.563936057446, -0.419533055182, 0
-0.717831005976, -0.728803651372, 0
-0.997393753822, 0.836493121053, 0
-0.0370936620924, 0.317687559509, 0
-0.0486156386888, 0.532251477135, 0
0.933363983371, -0.610634826249, 0
-0.703722843343, -0.0150413310326, 0
-0.894738896831, -0.688559492443, 0
0.66932744979, 0.101169289725, 0
0.228239498298, -0.207266504807, 0
0.126848613815, 0.0305600005717, 0
-0.949445215903, 0.803094837947, 0
-0.548574629851, -0.370179029733, 0
-0.659900562889, 0.589906157538, 0
-0.879787887513, 0.418504931463, 0
-0.854153576381, 0.264091823392, 0
0.853248263606, 0.300288601245, 0
-0.822176663739, -0.413303298064, 0
0.413316362288, -0.781896309489, 0
0.861994366894, -0.858931338097, 0
-0.277658784308, 0.742422286661, 0
-0.0236643182117, 0.534223567745, 0
0.766163780078, -0.734106728957, 0
-0.753478470089, 0.529071997686, 0
-0.651235099232, -0.931610528555, 0
-0.199957492284, 0.967369796283, 0
-0.453252607023, -0.253142209399, 0
-0.844629884489, 0.349102582092, 0
0.4970769006, -0.271019606029, 0
0.658224113855, 0.738347255701, 0
-0.802714848542, -0.78165745493, 0
0.326904563679, 0.946627470341, 0
-0.19143744431, -0.605195070732, 0
0.0875670372363, -0.936705750122, 0
0.406218399047, -0.760978400804, 0
-0.820404958551, -0.298732334393, 0
-0.826253247189, 0.266867338141, 0
0.129645289531, 0.0890025228793, 0
-0.329830674813, -0.936932367342, 0
-0.647144731074, 0.4861437175, 0
0.270460496624, -0.819499878947, 0
0.298219465785, -0.0880888215371, 0
-0.555151919547, 0.325792905248, 0
0.513451715018, 0.360971264314, 0
0.749449527089, -0.894802447937, 0
-0.959028019582, -0.925864375989, 0
-0.661272157733, -0.967242720947, 0
-0.341004375325, -0.249553829377, 0
-0.336597692471, 0.246856526636, 0
-0.252521647229, 0.420036193551, 0
-0.615533493962, -0.524151986583, 0
0.136525676276, -0.615457072939, 0
-0.682513244679, -0.769276299506, 0
-0.616491748894, -0.452999282846, 0
0.764194642975, -0.625318146139, 0
-0.438451451551, -0.55740844276, 0
-0.011733438584, 0.855143979729, 0
-0.86350396091, -0.862923544032, 0
0.996676792606, 0.581904061474, 0
0.31412979151, 0.17812183752, 0
0.953593191703, 0.490625804621, 0
0.459937722396, -0.223736918217, 0
-0.116696097333, 0.683440533316, 0
0.467029599721, -0.960789240357, 0
-0.0547646285008, 0.634236245441, 0
0.758333669866, -0.276983657282, 0
0.769975698641, 0.166621712922, 0
-0.681372379744, 0.0769187216627, 0
-0.96416925081, -0.00658248656403, 0
0.189623862427, 0.164604354208, 0
0.626059401718, -0.485155930623, 0
-0.0325965831601, -0.686653354684, 0
-0.157280819554, 0.217821825387, 0
-0.758709487146, -0.802286179615, 0
0.501796057875, 0.887323404924, 0
-0.350100606364, 0.971618149644, 0
-0.402697075409, -0.0970618434395, 0
-0.69658969142, 0.191193618741, 0
0.299055090412, -0.167292307803, 0
-0.159473535117, -0.432738151595, 0
-0.549964233906, 0.904619363207, 0
0.617349371204, 0.586902042048, 0
0.239308357759, 0.607747624093, 0
-0.0730834306299, -0.899346343877, 0
0.286999124448, 0.782447824695, 0
0.122324156642, 0.985118156962, 0
0.612503918355, -0.488634846166, 0
0.597457131465, -0.674315567861, 0
-0.15785952932, 0.265389059589, 0
-0.059533300006, 0.859362160727, 0
-0.107162136228, -0.758221603855, 0
0.798798918644, 0.859967245424, 0
-0.87984265191, -0.273857891187, 0
0.777739279651, -0.849774116915, 0
0.0485943879284, 0.2624493095, 0
0.433580416792, 0.72214455848, 0
0.774005546697, 0.705909457962, 0
-0.183092702947, -0.749284841948, 0
0.0321198007422, -0.0513737831835, 0
-0.904900761309, -0.90985009382, 0
-0.00244300130116, -0.240680553008, 0
-0.718461129883, -0.617522981424, 0
-0.153410935186, 0.497901015777, 0
-0.907146038465, -0.588051996773, 0
0.57650294238, -0.0859455583035, 0
0.339123135363, -0.5505176914, 0
0.114406228608, 0.515202730475, 0
-0.352113661472, -0.404262904332, 0
-0.108222473571, -0.276728491102, 0
0.785499179908, -0.690233424143, 0
-0.0137098623034, 0.864729660328, 0
0.443032358071, 0.650207831494, 0
-0.714567407182, -0.645745297719, 0
-0.155288354332, -0.525822094639, 0
0.148230647994, 0.885619176195, 0
0.794679702646, 0.789323667488, 0
-0.376047804157, -0.642115910194, 0
0.720671490093, 0.675910015528, 0
-0.0139109166242, -0.290631288517, 0
0.390430729801, -0.597750610783, 0
-0.862571012756, -0.45178457728, 0
-0.385987208288, -0.438268278874, 0
-0.580643523871, 0.124020951969, 0
0.0319111630032, 0.427618492711, 0
-0.916684112383, -0.993461590165, 0
0.938521200231, 0.458081457285, 0
-0.604317159014, -0.0349912061337, 0
-0.689741269501, 0.829741150471, 0
0.377823214514, -0.992460242802, 0
0.408172139169, -0.403262267867, 0
-0.95736583693, 0.0761475876432, 0
-0.987491232966, -0.0868685300093, 0
0.164332396028, 0.596533457287, 0
-0.791483524728, -0.133562845421, 0
0.116309931215, 0.15966553626, 0
-0.908956785857, 0.109770328754, 0
-0.805272640572, 0.591336049853, 0
0.124463759248, 0.375136884648, 0
-0.236778411541, 0.802091201012, 0
0.647908074397, 0.775661752063, 0
0.848136062519, -0.292835029818, 0
-0.316419503549, 0.749415436475, 0
-0.308174881151, -0.270400458312, 0
0.665822278621, 0.613808805443, 0
-0.393602219617, 0.976195414477, 0
-0.717083606376, -0.229190253201, 0
-0.520741676698, 0.617370736219, 0
-0.654106305763, -0.973336567989, 0
0.931946860832, 0.423353891224, 0
-0.420382338364, -0.262325727916, 0
-0.403020330318, -0.658820083367, 0
0.116096953143, -0.166293630444, 0
0.136804254201, -0.616674473391, 0
-0.704904075817, 0.418176427519, 0
0.489208838864, -0.551440324993, 0
-0.280969222506, 0.256475601814, 0
0.0707066441981, 0.164900815721, 0
-0.219786847431, -0.946198050863, 0
0.744229245605, 0.248015640266, 0
-0.14140618285, -0.10267218201, 0
0.924036999011, -0.765205392556, 0
-0.79154237365, -0.8060365952, 0
0.137601796813, 0.757023062776, 0
0.290357219433, -0.198121509474, 0
0.581467531453, -0.0983974443151, 0
-0.321709087741, -0.437407851847, 0
0.418651476682, -0.146399828599, 0
0.201331803788, -0.889839297081, 0
0.0159083863758, -0.464050599475, 0
0.784142634614, -0.550757844552, 0
-0.00904770894659, -0.937329519548, 0
-0.527306992625, -0.111815927688, 0
-0.0765487493076, 0.228857752743, 0
0.328592171848, 0.980324791576, 0
0.613801837665, 0.972774991106, 0
0.998373079241, -0.154183675177, 0
0.767955837019, 0.893007256746, 0
0.496504857778, 0.119635330215, 0
-0.610190579293, -0.385493784357, 0
-0.553855046812, 0.489230794821, 0
0.0436012513606, 0.423935818136, 0
0.995497943029, -0.380256481709, 0
0.0368807382108, -0.983074890415, 0
-0.975124306323, -0.861687765843, 0
-0.486553871411, 0.91392974061, 0
0.930773510373, -0.442498965782, 0
-0.773862034153, -0.103499636167, 0
-0.122471800812, 0.968126408241, 0
0.631080483715, 0.317533708094, 0
0.772138988538, 0.00296277220828, 0
-0.0877107301717, -0.665797118693, 0
-0.498748606118, 0.898885247036, 0
-0.872129814769, -0.230174372029, 0
0.0245657223997, 0.133691007585, 0
0.867168940158, 0.0120349544933, 0
0.536422066081, -0.0766301285593, 0
0.49125112213, -0.603585727964, 0
-0.254156133908, -0.896143331298, 0
-0.274758753474, -0.986300311489, 0
0.428255739521, -0.31884150511, 0
-0.442290215468, 0.897350875356, 0
0.592605909356, 0.87617590278, 0
0.365905070722, 0.751087691445, 0
0.66558382068, 0.515447831075, 0
-0.976176529248, -0.354670124631, 0
0.996909140654, -0.342581204351, 0
0.281872883408, 0.137726691842, 0
0.286557470109, -0.229759607063, 0
-0.48093037356, 0.322814238999, 0
-0.98309962508, -0.811125056838, 0
-0.0408721514994, 0.432922924929, 0
0.543327144061, 0.0873672009815, 0
-0.839696895141, 0.815645051431, 0
0.29483207736, -0.987899363822, 0
-0.765603506728, 0.385191545878, 0
-0.639029998273, -0.615670002368, 0
0.542194875119, 0.475523829232, 0
-0.398166873227, -0.981304333812, 0
-0.97125859708, -0.065497275763, 0
-0.101998281817, -0.689670474155, 0
0.792914590136, 0.502761569097, 0
0.739179301884, -0.721816885531, 0
-0.73716753888, 0.0330595842605, 0
0.29144672326, 0.345343981336, 0
0.821016287428, 0.51582915211, 0
0.734649452319, -0.949203511117, 0
-0.687163185187, 0.120287974766, 0
0.315680998096, 0.682780465763, 0
-0.423169263057, 0.634658438528, 0
0.101683567404, 0.356178985672, 0
-0.0348551508725, 0.0852515070925, 0
-0.476912787206, -0.964236789098, 0
0.229229604256, 0.25674450575, 0
-0.973275410537, -0.918051636041, 0
0.812590884624, -0.470321347304, 0
0.824253030091, 0.690242055096, 0
0.0367462466966, -0.516474194776, 0
-0.703906549501, -0.812733851351, 0
0.866820454669, 0.498837568694, 0
-0.81712475017, -0.545147616824, 0
0.696359796414, 0.067185144149, 0
-0.858685749058, 0.981943594889, 0
0.860867103973, -0.215270626213, 0
-0.406136821487, -0.271345219517, 0
-0.827970933961, 0.0893429401896, 0
0.243460459299, 0.138841461221, 0
0.72889204932, 0.334238426822, 0
-0.0380660925327, 0.583182746927, 0
0.640324606334, 0.612920022131, 0
0.655322175999, 0.686992001155, 0
0.341517404899, 0.334720143454, 0
-0.32896901901, 0.657985880573, 0
0.0214652171175, -0.51398785702, 0
0.948917052062, 0.224108945469, 0
-0.484936464194, 0.0393787406502, 0
-0.289093038127, 0.940257925796, 0
0.133077805261, -0.815412961534, 0
0.0151662598961, -0.716384325667, 0
0.841379338911, -0.159906018569, 0
-0.526381140705, -0.419912314788, 0
-0.399722333214, 0.233099364795, 0
0.525246104795, -0.443309586974, 0
0.446483460732, 0.415710516276, 0
-0.218209387653, -0.314994016912, 0
-0.166001390765, 0.895007636301, 0
-0.365762763788, 0.40265209884, 0
-0.299722605189, -0.926581227865, 0
0.694050857358, -0.371329155355, 0
-0.470894365359, -0.80187730706, 0
-0.0722780947753, 0.416614503542, 0
0.460310765484, 0.80699605308, 0
-0.10560301729, 0.0301824449766, 0
0.965322986074, -0.0209038041404, 0
0.881277909336, -0.0639560157509, 0
0.818030671263, -0.835256530994, 0
0.390478599012, -0.800170166836, 0
-0.845701580784, 0.626627519588, 0
0.432391959949, -0.0293869089318, 0
0.87310444563, -0.508781023289, 0
0.320314076815, -0.526362024107, 0
-0.927054489883, 0.0526787183806, 0
-0.52954215332, -0.178487838837, 0
-0.191315439399, -0.00741543766346, 0
-0.458501515214, -0.085323113086, 0
0.301989540241, 0.653612261942, 0
-0.15995567305, 0.452295934531, 0
0.849464022746, 0.13672279255, 0
0.382387301125, 0.504452291417, 0
0.841506224163, -0.911281035704, 0
-0.489330394634, -0.869984303661, 0
0.25974939134, 0.419362904771, 0
-0.286771858847, 0.364579060104, 0
0.151025715958, -0.133093644844, 0
0.616910841694, 0.678487121862, 0
0.5834429054, 0.24562489084, 0
-0.288919007731, -0.521886897963, 0
0.168445031007, 0.784953616482, 0
-0.121442397956, 0.606771934475, 0
-0.263265382873, 0.939347713188, 0
-0.13682726741, 0.569175787842, 0
-0.470096067628, -0.822257395128, 0
-0.661386682267, 0.146087751786, 0
-0.498624617574, -0.0556265655564, 0
-0.23952936303, -0.404278345313, 0
0.324276260184, 0.0677984790172, 0
0.393476829407, 0.785617055617, 0
0.829794796533, -0.21912799871, 0
-0.444676651449, -0.27128197094, 0
0.691974180103, -0.2585623247, 0
-0.1866065832, -0.700858203485, 0
0.112371253476, -0.235435449873, 0
0.332262949532, -0.202966946448, 0
0.782613485621, 0.9732208348, 0
-0.0731262637849, -0.7046193145, 0
0.364811986728, 0.530240470643, 0
-0.000934920295214, -0.548485014414, 0
0.274871960427, -0.0770730086902, 0
0.281602018404, -0.829149322731, 0
0.423004907822, -0.0587359747413, 0
0.463322428703, -0.562317629623, 0
0.791376030457, -0.95294267657, 0
0.395730260158, 0.985712150168, 0
-0.707884669864, -0.708735566912, 0
-0.816223381635, 0.685008841841, 0
-0.908230247043, 0.454352520084, 0
0.560106302172, -0.560675075286, 0
0.371922557008, 0.1954459478, 0
0.897226738354, 0.699129147169, 0
0.655892222439, -0.212550502482, 0
0.872372486739, -0.518183617987, 0
0.764969326786, -0.554920040561, 0
0.475403553804, -0.33476329767, 0
0.090988260949, -0.550925541037, 0
-0.0908230916796, 0.00319866358682, 0
-0.873546374997, 0.0904976955815, 0
-0.236811031296, 0.409034781295, 0
-0.085178555629, -0.670769228672, 0
-0.0842616824905, 0.00489533557562, 0
0.633941579983, 0.528303228013, 0
-0.287782901194, -0.707585176344, 0
0.646005842341, 0.137262604006, 0
0.129106515935, 0.119035631288, 0
-0.109668124917, 0.231243309578, 0
-0.283197929045, -0.237992112935, 0
0.34954538972, 0.0732938034861, 0
0.18061271143, 0.714310087891, 0
0.844047720359, -0.868055621939, 0
0.70210863768, -0.439528761458, 0
0.689912387299, 0.727809300896, 0
-0.831018878492, -0.503803149288, 0
0.0871100003843, -0.935259812791, 0
-0.798074218643, -0.923384079372, 0
0.516024052958, -0.518509846193, 0
-0.964274394778, 0.525762819266, 0
-0.344045257054, -0.140575302801, 0
0.10560103271, -0.0698652489936, 0
0.0625759988695, -0.652164689481, 0
0.806370345801, 0.913623838786, 0
0.258766999095, 0.281030578333, 0
-0.621403012125, -0.306564562883, 0
0.210051008834, 0.098947544624, 0
-0.606056753178, 0.434577726398, 0
-0.0301550508384, 0.185638379557, 0
0.420621631725, 0.608743257752, 0
-0.760203123543, 0.87679599679, 0
0.88929499034, -0.63099706791, 0
-0.65410502549, 0.0817075177082, 0
-0.0189404858098, 0.0851473014663, 0
0.310061817744, 0.0188570692018, 0
0.658316975735, -0.424368274274, 0
0.188060021913, -0.911467244564, 0
-0.621650865912, -0.358431463497, 0
-0.900784870409, -0.638228509952, 0
0.433619798667, -0.351054733294, 0
-0.0598921754262, 0.813009291279, 0
0.498723285332, 0.158320374527, 0
0.213012163881, 0.0569008406706, 0
-0.53057340436, -0.790119942225, 0
-0.549856096748, 0.0645980420965, 0
0.242813874302, -0.790824955641, 0
-0.0838368767726, -0.0557820094864, 0
-0.0280012128981, 0.137363705883, 0
-0.50995485427, -0.136873382057, 0
0.652798648337, -0.00400298585726, 0
-0.0556882314834, -0.53022862404, 0
-0.791820653035, 0.701607493687, 0
-0.982651585726, 0.600494881113, 0
0.99785937649, 0.531507178324, 0
-0.181068323651, -0.00205126687036, 0
-0.637746948294, 0.151036107499, 0
-0.389834128673, -0.724543108223, 0
0.93380429494, 0.0400779499099, 0
0.89871985564, -0.71201366941, 0
0.994163310751, 0.183052084307, 0
-0.46682817888, 0.36719769931, 0
-0.44827049633, 0.951235670053, 0
-0.142026982013, 0.707639723498, 0
-0.385841851855, 0.967395919111, 0
-0.340669107826, 0.740454266697, 0
-0.625185979655, -0.270482951136, 0
-0.832311797827, -0.300126170163, 0
0.49682199993, -0.870523684899, 0
0.250220873204, -0.890045017921, 0
-0.92155369686, -0.461378331172, 0
-0.332976520366, -0.573013714086, 0
0.633335744046, -0.298747696515, 0
-0.75070312773, 0.989291567906, 0
0.250646358039, -0.554953008793, 0
0.106068744924, -0.271663189813, 0
-0.692595249506, -0.176159449036, 0
-0.145964273519, 0.448642944814, 0
0.686301093297, 0.588562402759, 0
0.0732765040162, 0.192447323, 0
0.553248597289, -0.252032477508, 0
-0.402050879359, -0.969314370399, 0
0.326053721245, 0.128320098038, 0
0.543217894445, 0.488964610712, 0
-0.634088497161, 0.448656039779, 0
0.243564425169, 0.127802621236, 0
0.530412000066, -0.624049826916, 0
0.973746409053, 0.676014911673, 0
-0.719485281619, 0.776266244169, 0
0.393853410509, -0.981679700655, 0
0.118033379789, -0.947172333167, 0
0.152729703591, -0.286550924054, 0
-0.313947958007, -0.212844013433, 0
-0.24334386917, -0.0437294927485, 0
-0.912880668275, 0.339542177577, 0
-0.382100516421, 0.720193084509, 0
-0.256731578349, -0.666764275202, 0
0.0442042475043, 0.297681324304, 0
0.16447854686, -0.97421489854, 0
-0.755938875917, -0.213180604486, 0
0.394202790571, -0.301448042197, 0
0.731381634546, 0.885764244293, 0
0.753954273728, -0.740836646133, 0
-0.253022971903, -0.398196900237, 0
0.942604981064, 0.170504973582, 0
-0.72354629921, 0.983334267618, 0
0.350922058527, 0.343233052329, 0
-0.279971415328, 0.804136812361, 0
-0.615178030543, 0.193751146921, 0
-0.367890784376, 0.220726241838, 0
0.389971009443, -0.790478922835, 0
-9.95818420502e-05, 0.690412253701, 0
-0.654939851998, -0.431168751754, 0
-0.649896338239, 0.572413745952, 0
0.131994036311, 0.917319727833, 0
-0.650622580726, 0.487497418911, 0
-0.0567017183375, -0.566997679518, 0
0.22633234683, -0.814473119546, 0
0.106838205634, -0.647363752467, 0
0.338077915436, 0.0435909046223, 0
-0.050133443027, 0.281071889024, 0
0.551617037855, -0.557630025898, 0
-0.983071828237, -0.407005724769, 0
0.859451409002, -0.0558664417319, 0
0.690817347483, 0.223767137948, 0
0.101904386616, 0.145714816532, 0
0.208404102166, 0.566928741329, 0
0.75674927345, 0.957536049048, 0
-0.48764731515, -0.941548897386, 0
0.608341664478, 0.904696774878, 0
0.849506971998, 0.264605518659, 0
-0.136787253274, -0.901961337589, 0
-0.658593754131, -0.932254171942, 0
-0.663333074929, -0.0629809174899, 0
0.786854662591, 0.785020817537, 0
0.970032787265, -0.477130545048, 0
0.423237809343, -0.585978374291, 0
0.146981318467, -0.271740985781, 0
0.966593611367, 0.229115766391, 0
0.410748204691, -0.656922375855, 0
0.305615145577, 0.289728675488, 0
0.867129647866, 0.188730146249, 0
0.602892445985, -0.336103197424, 0
-0.461373505162, -0.15677512552, 0
-0.934243330676, 0.465845315523, 0
0.925917273734, 0.923444645356, 0
0.664356654556, 0.330349909184, 0
-0.696907663194, -0.718020833603, 0
0.0111982635029, 0.134056025264, 0
0.909386849601, -0.543562366568, 0
0.939152739129, 0.560225607991, 0
0.184048600106, -0.257461622857, 0
0.436823688453, 0.956983566406, 0
0.750285337333, 0.774413363749, 0
0.768797025386, -0.0396138189275, 0
-0.10353682363, -0.840895076844, 0
0.808006578963, -0.171330527204, 0
-0.506112625783, -0.735771448086, 0
0.909148321346, -0.0720753063373, 0
0.0936586285811, -0.125625914816, 0
0.743605941189, -0.219241751235, 0
0.466567323663, 0.0843912617681, 0
0.925389968837, -0.605263558162, 0
-0.575644455058, 0.693736384023, 0
-0.204856652262, 0.470424027512, 0
0.706890627865, -0.273765768082, 0
0.879179077827, 0.0594864118661, 0
0.0331473886736, 0.236443500255, 0
-0.117063590981, 0.0253230005049, 0
-0.175388654884, 0.860859306399, 0
-0.872820233651, 0.902536450951, 0
-0.298771898702, -0.0907440848987, 0
0.981276290937, 0.164749175348, 0
-0.554420590495, -0.636291492909, 0
0.311423544822, -0.538127669945, 0
0.869725093574, -0.164850640883, 0
-0.110735813752, -0.108209991271, 0
0.190156888861, -0.774959270163, 0
-0.6845974518, 0.796945588607, 0
0.952641523319, 0.395964425962, 0
0.666313928088, -0.644930102061, 0
-0.167821484745, -0.579685280234, 0
-0.947557181814, 0.717301000548, 0
-0.333866707117, 0.651392249084, 0
-0.106872247247, -0.21586325937, 0
0.182018182743, 0.173181544887, 0
-0.650544112881, 0.717963686103, 0
-0.877386983931, -0.127472743517, 0
-0.557647270803, -0.383723215122, 0
-0.404100789401, -0.021295176664, 0
0.0234563449591, -0.965411888625, 0
0.796904707193, -0.581608262022, 0
0.738158823637, -0.780148165733, 0
-0.762706776376, 0.633265733834, 0
-0.698444990348, 0.866516522702, 0
-0.463144817247, 0.703882014532, 0
0.600551888575, 0.40452791651, 0
0.155237128401, -0.629674078467, 0
-0.809881080464, -0.253139390218, 0
-0.894167343741, -0.885088126968, 0
-0.01664398204, -0.293235743461, 0
-0.775855762765, 0.146175358433, 0
-0.121670195397, 0.181421262508, 0
0.732721375682, 0.660302462757, 0
0.103039695523, 0.648093526456, 0
-0.829812548707, -0.115986651458, 0
-0.0177350925416, 0.630830678616, 0
-0.239635793316, 0.921872331611, 0
0.253427871497, -0.994454665104, 0
0.10975517126, 0.584293948416, 0
-0.236416151641, 0.327122413313, 0
-0.787388715557, 0.218600311204, 0
0.616167921917, -0.383725380457, 0
0.982612445656, -0.466689051292, 0
0.408794977765, -0.441955288458, 0
0.3528195297, 0.0311056213429, 0
-0.980025528654, -0.301549921549, 0
-0.202124094726, 0.248309060668, 0
-0.955855998928, -0.238944386218, 0
-0.488986691848, -0.159802793225, 0
-0.118767955157, -0.504035213403, 0
-0.639164978853, 0.358340333827, 0
-0.922589094115, 0.821848928892, 0
0.951285621239, 0.748701685874, 0
0.705636689526, 0.573792785344, 0
0.653958642074, 0.0789319487263, 0
-0.0262436346743, 0.0276495708785, 0
-0.587321826632, -0.686700484698, 0
-0.567877827324, 0.0852629586882, 0
0.0471747041986, -0.233157276013, 0
0.515956335735, -0.67201120529, 0
-0.0609773910031, 0.10911738233, 0
0.281859201738, 0.0665242918337, 0
0.979801335194, -0.376149102899, 0
-0.476210506046, -0.87986861159, 0
0.757319797107, 0.382077644356, 0
0.768751696307, -0.0149384654734, 0
0.621444097501, -0.108033218631, 0
-0.340085969362, -0.235536639518, 0
-0.361101881982, -0.553457928033, 0
-0.786383191864, -0.0500329619984, 0
-0.077219443449, 0.679711405505, 0
0.651907167228, -0.0647412697357, 0
0.472005720772, 0.11808845078, 0
0.944186084543, 0.362237520605, 0
0.802370837046, -0.012188550906, 0
-0.519221131491, 0.182654200406, 0
0.691818790647, -0.100162504907, 0
-0.750235856624, 0.16506431545, 0
-0.22951329616, 0.498070304032, 0
0.387338638178, -0.718627009132, 0
0.93954107059, -0.521361189353, 0
0.016326117999, -0.838429874883, 0
-0.307467471542, 0.925045069887, 0
0.161960030053, 0.605449656633, 0
-0.732868146058, -0.638905461416, 0
0.379126073412, -0.94231295681, 0
0.157333349997, 0.151436112684, 0
0.241112431308, 0.869704340918, 0
-0.435401842478, 0.977777029836, 0
-0.755316536819, 0.296721383068, 0
0.620074282752, -0.582903117429, 0
-0.731604901403, 0.551602037198, 0
0.0715722313081, 0.523074792858, 0
-0.915108315344, 0.0232051640432, 0
-0.653817592373, -0.33135310955, 0
-0.235072981669, 0.0532384752128, 0
-0.167753919563, -0.809831086685, 0
-0.266258377243, -0.490224846758, 0
-0.224162359235, 0.467517679731, 0
-0.36457968962, -0.389808381148, 0
-0.170255704825, -0.541009444299, 0
0.363033646643, 0.969256806912, 0
0.222860996484, -0.152888541345, 0
-0.253791067233, -0.994118865642, 0
0.845292944283, -0.537377987251, 0
0.150619224333, 0.152210940678, 0
0.683814478401, 0.37972820481, 0
-0.434933257861, -0.858981160673, 0
-0.817331189068, -0.35373255218, 0
0.876802336685, 0.925640691916, 0
0.36688403757, -0.945363854166, 0
0.353652350556, 0.797067590121, 0
0.784364569229, -0.563746380807, 0
0.569369699748, -0.846475242399, 0
0.457044331784, -0.967675582127, 0
-0.401960508692, 0.927503703928, 0
0.0595007607328, 0.642812082331, 0
0.39924853594, 0.474508435914, 0
-0.0721988665225, -0.872991539377, 0
-0.140551823775, 0.19480710929, 0
0.171248203614, -0.0951018998181, 0
-0.0791940494857, -0.659086788272, 0
-0.17026103549, -0.544733497092, 0
0.238329437512, 0.711615477389, 0
-0.281066230433, 0.559027192679, 0
0.210894876249, -0.706144349041, 0
0.127838932724, 0.945159424192, 0
-0.559710367828, 0.0753767953768, 0
0.630940653436, -0.801286876187, 0
0.742952188137, -0.850057005431, 0
0.881874204669, 0.99978182731, 0
0.236652050353, -0.582101846005, 0
0.639725892492, 0.321998576514, 0
0.634452356, 0.9169675889, 0
0.779470257199, 0.463171125987, 0
-0.990552912033, 0.136204210833, 0
-0.341806705727, -0.601428352644, 0
-0.575738654586, -0.817099707467, 0
-0.963190237978, 0.900296600532, 0
-0.081628932976, -0.868224599438, 0
-0.682119057552, 0.198616222499, 0
-0.0237622775764, 0.749412172891, 0
0.860031778952, -0.437682374118, 0
0.425497808586, -0.311098425302, 0
0.686692755233, -0.902223488647, 0
-0.0666764116972, 0.85874731428, 0
0.393908845186, -0.481370849421, 0
-0.232949221688, -0.730060059876, 0
0.602143104395, 0.718530236713, 0
-0.0635832363946, 0.821942872834, 0
-0.506588222603, 0.536729955174, 0
-0.560715307297, -0.265762537126, 0
0.281068366723, 0.61043303764, 0
0.499018381547, 0.912723170818, 0
-0.334555967449, 0.68674305432, 0
0.556381825939, 0.620345786676, 0
0.781435553533, -0.137632562447, 0
-0.180609272769, -0.26548421105, 0
-0.683510957278, 0.862046393054, 0
-0.73941348353, -0.366934818906, 0
0.663157499071, 0.314272749744, 0
0.121878109838, -0.678154355887, 0
0.839685951785, -0.879915649118, 0
0.0937586787733, 0.870262110402, 0
0.317671876117, 0.808959913492, 0
0.329146175057, -0.00330807767886, 0
-0.486558633842, -0.841931853379, 0
-0.0518902584213, -0.813846305735, 0
0.826024746899, -0.34340146488, 0
0.0252335409283, -0.507938819618, 0
0.261833179124, 0.972896290777, 0
-0.801299283493, -0.547161608312, 0
0.629843231025, 0.623118715892, 0
0.411772118059, -0.988434048833, 0
0.654704754464, 0.210766604043, 0
-0.413025464514, -0.125096960031, 0
0.172104719465, -0.339801517591, 0
-0.000757198621897, 0.43838717645, 0
-0.453086803331, 0.0124005860789, 0
0.196151069603, -0.0270502027825, 0
0.0726989142639, 0.358300506096, 0
-0.75763644868, 0.514375517774, 0
0.167107085355, -0.0959230397365, 0
-0.643899031247, -0.201360283879, 0
-0.512824543406, -0.146766496349, 0
-0.241263272853, -0.349530598138, 0
-0.429022467592, -0.835926519182, 0
-0.426242610919, 0.225241349867, 0
0.937192524867, 0.899719608556, 0
0.532474660747, -0.0108009067883, 0
0.980755876579, 0.759857609296, 0
0.954283517728, 0.07773311443, 0
0.55483366481, -0.922567927506, 0
-0.620908480903, 0.279837001694, 0
-0.717968566963, 0.816911283331, 0
-0.00524650074747, -0.714422410807, 0
-0.989688283717, 0.748635992207, 0
0.725473085545, -0.988555486132, 0
0.999031044843, 0.631777998571, 0
0.599478662405, -0.816419755612, 0
0.503768387066, 0.498401764804, 0
0.536193729476, -0.123261073418, 0
0.324975150352, 0.930958292722, 0
0.903431954302, 0.84183678124, 0
0.892035632138, -0.686218892312, 0
-0.670986130596, -0.671493109949, 0
0.983582804439, -0.365711751344, 0
-0.885353273642, 0.66858538442, 0
0.0356997782559, 0.546622084864, 0
0.0337818176625, -0.416503053864, 0
0.587710077579, 0.925634228054, 0
0.831947681672, 0.860061939251, 0
-0.852540936884, -0.821750003097, 0
0.470468983533, -0.965753280022, 0
-0.265953563266, 0.26359490403, 0
0.534770493299, -0.725862787307, 0
0.872424762913, 0.305052712822, 0
-0.832487903006, 0.247368210819, 0
-0.23861217698, -0.948793831847, 0
-0.34992965497, -0.214642277774, 0
-0.181159529933, 0.352305011986, 0
0.0846489047519, -0.297866422471, 0
0.388517666441, -0.490069867631, 0
0.00364865816621, 0.979371281999, 0
-0.303214972454, -0.292103107501, 0
0.896375451208, 0.532276138081, 0
0.391303518605, 0.279201735323, 0
0.911883672873, -0.690338203012, 0
0.0719728726011, -0.513138042119, 0
-0.394587568295, 0.725547843151, 0
-0.319258577665, 0.276181306341, 0
0.612903789614, 0.729100811944, 0
-0.141903425499, 0.831320465301, 0
-0.595552357845, 0.361759522141, 0
-0.676219132072, 0.0725904003616, 0
-0.470488946499, -0.667382141029, 0
0.562830551556, -0.467951966359, 0
0.120152520341, -0.693626203836, 0
-0.326521564189, -0.00893861181099, 0
-0.491342014986, -0.448649879563, 0
-0.647076174865, -0.459132538772, 0
-0.997556370779, 0.845452735167, 0
0.155399545189, 0.411008081681, 0
0.778644923043, -0.101171947747, 0
-0.651625561077, -0.430727205421, 0
0.364617312323, -0.160155631921, 0
0.417512453999, 0.162351119038, 0
-0.901656013618, -0.813065324071, 0
0.898583713228, -0.734317271523, 0
0.546311162599, -0.180297575301, 0
-0.247961975873, 0.590099482116, 0
-0.9348550166, -0.494077975047, 0
0.349667178942, 0.290732007839, 0
0.997489575836, -0.39924527803, 0
-0.793865979421, -0.209881252222, 0
0.320208175503, 0.0552525950569, 0
-0.613880205691, 0.827952321994, 0
-0.694035176455, -0.629250036442, 0
0.807297292642, 0.766354986586, 0
0.451946832276, -0.642418223719, 0
-0.62820648319, -0.586175723753, 0
-0.0347245684444, -0.778489598041, 0
-0.81936632052, 0.597711289259, 0
0.481124838147, -0.48977857828, 0
0.748642954793, -0.362096959113, 0
0.827050748274, 0.349633645912, 0
-0.189677959082, 0.360043628839, 0
0.693523032584, 0.523002441839, 0
0.633454639053, -0.146278019245, 0
0.605931724408, 0.99195877705, 0
0.130063551512, -0.0739168558127, 0
-0.508082573786, 0.2498083798, 0
-0.287519296552, -0.295284058275, 0
-0.297327872866, -0.597714770967, 0
0.671586534498, -0.872308380672, 0
-0.30344356943, -0.185334055931, 0
-0.70275193753, -0.846508719884, 0
0.682658088052, -0.343878763473, 0
0.472262882338, 0.523854795944, 0
-0.176897944785, -0.076891347791, 0
0.938408212961, -0.594812938053, 0
0.723440161367, -0.0312470080007, 0
0.944864243159, 0.0822140459332, 0
-0.137016444478, 0.700969498042, 0
0.874929234582, 0.627497504999, 0
-0.525125985603, -0.0924516933815, 0
0.695161214873, -0.768298512323, 0
-0.0166923993118, -0.527213320136, 0
-0.970872998141, -0.579245830931, 0
0.66233979008, -0.208287876464, 0
-0.877706649042, 0.732178861216, 0
-0.14191803979, 0.43838523397, 0
0.501809326495, 0.314546603581, 0
0.257023117251, 0.350444854007, 0
0.341801122265, -0.986030950105, 0
0.162472871929, 0.925462319279, 0
-0.912738796219, -0.878553428122, 0
-0.822017064556, -0.483439313116, 0
-0.937695534479, 0.216309098533, 0
-0.0234145570031, -0.263144367893, 0
0.464155787069, 0.830729901683, 0
0.349762782603, 0.550031436355, 0
-0.415064946123, 0.648960323477, 0
0.125902396156, -0.442274496172, 0
-0.271937867874, -0.421932943388, 0
0.0726116656517, -0.672342149092, 0
0.623288009191, -0.287935655517, 0
0.90390514135, -0.145145623708, 0
-0.144820984683, -0.320477419092, 0
-0.0641181093137, -0.836856984088, 0
-0.244170110767, 0.538392161063, 0
-0.716535217577, -0.702463315389, 0
-0.0430405790639, -0.841200697374, 0
-0.373453141587, -0.92610316983, 0
-0.688414166069, -0.465013798906, 0
0.303167479441, -0.153147845544, 0
-0.370528877864, 0.47103841374, 0
0.314037043282, 0.0508869338601, 0
0.805262788798, 0.65803695521, 0
-0.62695782048, 0.0598407072671, 0
-0.666168610233, -0.0684397286602, 0
0.59334136044, -0.978084853656, 0
-0.295122898307, -0.589055912086, 0
0.0962083804471, -0.951788371243, 0
0.572390353429, -0.445778606793, 0
-0.704488515347, 0.182290998289, 0
0.511672225571, 0.0132257148538, 0
-0.7949381367, -0.34831940278, 0
-0.392785160234, -0.290201475122, 0
0.832306550712, 0.850802841351, 0
0.111370405076, 0.324281697998, 0
0.547838765217, -0.744879773938, 0
0.50557708649, -0.847141038957, 0
0.264853529922, -0.412781590257, 0
-0.847249281199, 0.758402062215, 0
0.562519638373, -0.370539532669, 0
0.92301160389, -0.425679929151, 0
-0.331167643011, -0.338670789445, 0
0.199264855547, -0.286959277887, 0
-0.831866445881, -0.393409877643, 0
-0.188742566881, 0.0864535807931, 0
0.428774400281, -0.7310667126, 0
-0.568335038017, 0.308282938206, 0
0.635984916981, 0.983019912007, 0
-0.0792095967401, -0.231404097976, 0
-0.223376990376, -0.92485944189, 0
0.480458170749, -0.33343999123, 0
0.775907633357, 0.515462021291, 0
-0.607132008098, -0.0898641922873, 0
0.135006153434, 0.0602964654829, 0
-0.910143379351, 0.553869935133, 0
-0.637969708975, 0.441491496641, 0
0.119832112207, 0.115314865125, 0
0.618295019583, -0.845441985968, 0
-0.807523109522, -0.0324670010932, 0
0.175866068351, -0.21807074292, 0
-0.336295592689, -0.0914400598946, 0
0.464427491111, -0.0575967100479, 0
-0.373807668225, -0.929519407528, 0
0.910620945213, -0.549550673231, 0
-0.851702620994, -0.103819788911, 0
0.203252945344, -0.655218663566, 0
-0.117570571097, -0.902533795685, 0
0.13697806286, -0.14702154915, 0
0.323539633356, -0.00437928329038, 0
0.166281457831, 0.963290867482, 0
-0.0164775907012, -0.453854882211, 0
-0.284720685756, -0.775507736957, 0
0.0142349786758, -0.27019466237, 0
0.302442015931, -0.553955610121, 0
-0.446363707001, 0.462696048257, 0
-0.212284891354, -0.53055531595, 0
-0.845012133706, 0.148262043216, 0
-0.170851546359, -0.303331497583, 0
-0.569650879535, -0.541662186151, 0
-0.006006386475, -0.912592974765, 0
0.342374100365, -0.843863040525, 0
0.664560498127, 0.346195116482, 0
-0.40327631468, -0.193307330881, 0
0.41329624466, -0.656197187106, 0
-0.789967479336, -0.158132061804, 0
-0.621081165084, -0.44977236434, 0
-0.688670958559, 0.677698947557, 0
0.884327700011, 0.289743956495, 0
0.270972724255, 0.179199988706, 0
-0.747554415046, -0.675762442821, 0
-0.896382133656, -0.445320301121, 0
-0.475667095276, -0.609823473438, 0
-0.334613846167, 0.674603102897, 0
0.839948828811, 0.147318553024, 0
-0.739724209795, -0.616319706039, 0
0.359174457208, -0.0572101635876, 0
0.744147834375, -0.942199165758, 0
-0.607187025577, -0.642966615009, 0
-0.583685421954, 0.120648916265, 0
-0.351932652031, 0.754792077415, 0
-0.936980412706, -0.314515398726, 0
-0.0807528191904, -0.802870280399, 0
0.612686660066, 0.383527036541, 0
-0.365507659886, 0.543219401887, 0
-0.227263464095, -0.241930797412, 0
-0.00305263226213, 0.65204360313, 0
0.282238187116, 0.504629853852, 0
-0.29271870677, 0.695762022406, 0
-0.864792282301, -0.778395557453, 0
0.74801864676, 0.618992524312, 0
-0.933146931769, -0.325680123503, 0
0.396859820736, -0.347410567184, 0
-0.394960110949, -0.188289684664, 0
0.320437772586, -0.0434482347142, 0
0.409363143202, 0.385881406175, 0
-0.73969923336, 0.111897866596, 0
0.307351324939, -0.473153684864, 0
0.435264911772, -0.578150625912, 0
-0.412683345532, 0.68980027163, 0
-0.798874516128, 0.520314663812, 0
-0.704723498406, 0.424388321483, 0
0.648560217493, 0.483307313955, 0
0.15207273143, 0.213008595603, 0
-0.185874684115, 0.25956034929, 0
-0.765286608646, 0.553196906302, 0
0.36998395174, 0.764516835168, 0
0.460158492202, 0.852929543759, 0
0.402107118374, -0.641881222271, 0
0.304520116836, -0.738981291395, 0
0.785847624464, 0.406993735934, 0
0.903035273912, -0.291762206264, 0
0.82359501262, -0.90658086531, 0
0.142195112145, -0.535730372524, 0
-0.501220607903, -0.0672744148493, 0
0.0105244168514, -0.402941187764, 0
0.446203214404, 0.408999014316, 0
0.0361857917007, -0.607545397242, 0
-0.210383789968, -0.267225053703, 0
-0.799123887314, -0.837599984792, 0
0.156431899919, 0.250986304304, 0
0.361525701363, 0.650679605588, 0
-0.874379674524, -0.162065536506, 0
-0.920921252218, -0.406566860155, 0
-0.914571484413, -0.712985442669, 0
-0.73071176316, 0.49284464114, 0
0.0672145474055, -0.268426197783, 0
-0.617314101041, -0.772451416218, 0
0.574202391302, -0.12411807273, 0
0.445168823361, 0.968206243169, 0
0.462233858526, 0.518038687855, 0
-0.0993907146131, -0.38117586038, 0
0.492312935901, 0.195862254434, 0
0.159556117479, -0.668044483582, 0
0.895294932269, -0.94096308013, 0
-0.532611789611, 0.45686889788, 0
0.613176554994, 0.350281046171, 0
-0.400202055524, 0.225785833318, 0
-0.937811192901, 0.020587851448, 0
-0.805762268763, 0.520056817463, 0
-0.868001374573, -0.423937368288, 0
0.480786532429, -0.0613902834789, 0
0.0624791686574, 0.987265288357, 0
-0.255116930423, 0.0272885539698, 0
-0.479502437707, -0.976469753894, 0
0.789973838404, -0.778642549642, 0
-0.0827626354293, -0.526324810388, 0
-0.775301907691, 0.10264538344, 0
0.540635954444, 0.421296630969, 0
0.176797944404, -0.124367184276, 0
0.270679255281, 0.506062022671, 0
-0.99947178766, -0.0319894337709, 0
0.0974801635028, 0.979084759551, 0
-0.360625000199, 0.803249649827, 0
-0.133400700087, -0.60431916785, 0
-0.553434397299, 0.102643275338, 0
0.832056016341, -0.655699070435, 0
-0.433048450668, 0.671327432526, 0
0.266767374953, 0.758811205522, 0
0.0319853271629, 0.545559469645, 0
0.374963130488, -0.23118929023, 0
-0.171504582398, 0.602658633375, 0
0.907406218867, -0.838985491381, 0
0.990156960897, -0.77299075257, 0
0.929487664164, -0.348234523783, 0
-0.19721717161, 0.256722296066, 0
-0.958172439592, 0.111979842615, 0
0.917168408347, 0.604619447075, 0
0.292934439448, 0.0967948920147, 0
0.487886613088, 0.100502362972, 0
-0.22234629133, -0.587288683632, 0
0.279160326359, -0.3758492363, 0
0.973477848296, 0.884311711145, 0
-0.624417249339, 0.260629844033, 0
-0.0232961594646, -0.199742676339, 0
-0.80561558437, 0.910913952886, 0
0.799566996594, 0.593073823044, 0
0.64230257074, 0.651582360794, 0
-0.133522402018, -0.342898708108, 0
0.317910644676, -0.804326519747, 0
0.173693158677, -0.0642132149222, 0
0.468596841673, -0.296965001085, 0
-0.655827873345, -0.0866100984714, 0
-0.280069810738, -0.166577334464, 0
-0.764278199649, -0.140093108483, 0
-0.0600382629982, 0.858465915958, 0
-0.861919873537, -0.770085352649, 0
0.0443020191243, -0.607913565161, 0
0.449670263962, 0.0603702746698, 0
0.990671751472, -0.340330286036, 0
-0.464440906049, -0.292435989566, 0
0.654045686324, 0.888284434106, 0
-0.373132294465, 0.307719051092, 0
0.729291080332, -0.795836383313, 0
-0.642558664745, -0.578556350032, 0
0.955409424958, 0.897581204128, 0
-0.649492997873, 0.850795658384, 0
0.789521244454, 0.0436811218311, 0
-0.538783047861, 0.959098932779, 0
-0.134343062295, -0.521450836382, 0
-0.160604910953, -0.0034865850048, 0
0.182076116687, -0.987865039515, 0
-0.0760753476387, 0.373439462369, 0
-0.53449916321, -0.743938999001, 0
0.408275949789, -0.91894460976, 0
0.475062914547, 0.766768930267, 0
0.917005243233, 0.738054500726, 0
0.717823386884, 0.810672162249, 0
0.128466089679, -0.608005612523, 0
0.644727597205, 0.754254261895, 0
-0.141629712291, -0.0280922008159, 0
-0.810358680359, 0.471865903856, 0
-0.00222466977519, 0.301244540706, 0
-0.00393161903645, -0.405388597309, 0
0.878474730147, -0.879455152337, 0
0.861798875816, -0.100341243042, 0
0.0872612483457, 0.0295707826516, 0
0.339669752969, 0.82009448524, 0
-0.932439349235, -0.117046234906, 0
-0.969465064737, -0.00816494591951, 0
-0.800862148426, -0.115362999702, 0
0.517128695209, -0.09360973044, 0
-0.208840687564, 0.297350207531, 0
0.258684309924, 0.529419855012, 0
-0.115979774292, -0.600790573202, 0
-0.302764659767, 0.548709521819, 0
0.29716955011, -0.190585002385, 0
-0.142911466666, 0.643932224516, 0
-0.565994093197, 0.90547453824, 0
0.0354359143741, -0.974099783535, 0
0.472214158289, -0.531212772552, 0
-0.934086205798, -0.82332857598, 0
0.216327705509, -0.0749607654956, 0
0.855358242437, -0.301969386675, 0
-0.369440061741, 0.476608579907, 0
-0.255612188857, -0.678577102124, 0
0.0358268055248, -0.694687415229, 0
-0.97618608477, 0.899970982123, 0
-0.239065022864, -0.830205483659, 0
-0.729727354536, -0.606456704917, 0
-0.224318991718, -0.79439105195, 0
-0.264435963558, -0.0288109523605, 0
0.522944058552, 0.133682758058, 0
-0.709244042618, -0.712114960412, 0
0.504382911543, 0.290647370847, 0
-0.993381531568, -0.651061955681, 0
-0.751778032345, -0.135649387454, 0
0.37538697504, 0.827499020553, 0
0.597373800739, -0.507595526423, 0
0.531238022597, 0.0601643870017, 0
0.00437856547784, -0.874349509374, 0
-0.249761379899, -0.907237886008, 0
-0.154774863548, -0.717145574048, 0
-0.181884215359, 0.723764464794, 0
-0.0428428693872, 0.364795030107, 0
-0.0160142173164, -0.957597001211, 0
-0.893345247214, -0.333062099073, 0
-0.731152269247, -0.916474055155, 0
0.475293828394, -0.637514340344, 0
0.308948602912, 0.463108149868, 0
0.105825772878, 0.978733816798, 0
-0.622272490578, -0.440197159526, 0
0.488402209703, -0.324317788822, 0
0.190984302402, 0.718736250944, 0
-0.675211260527, 0.758581937459, 0
0.231317694425, 0.0177198134392, 0
-0.00584701285991, 0.841220264786, 0
-0.303111108245, -0.0275811285013, 0
-0.121640733132, 0.511483294151, 0
0.895414154679, 0.146396403525, 0
0.929397270997, 0.694069179658, 0
0.315363277524, 0.650811213907, 0
0.100977501134, -0.50106251791, 0
0.422791666203, 0.53753252166, 0
0.394560709975, 0.0102006381547, 0
0.925721700572, -0.787603855355, 0
0.275585617419, 0.959221924611, 0
0.424281410606, 0.370148053918, 0
0.900190686844, -0.514217712765, 0
0.50947564793, 0.289318166485, 0
-0.635828968393, 0.028210721438, 0
0.136307914966, -0.870607231032, 0
-0.689986485332, -0.507957499315, 0
0.80375998564, 0.43453223786, 0
0.205704181455, 0.573563557328, 0
0.582994798666, -0.560975983534, 0
0.669138568936, -0.141303035772, 0
-0.467971965096, -0.423171871877, 0
0.0656796459799, 0.0756448289546, 0
-0.326044681731, 0.147862519301, 0
0.439203913248, -0.833600851479, 0
-0.597320212392, 0.519429189549, 0
0.550985321957, 0.808983272298, 0
0.791904388951, -0.308243028033, 0
0.929744631167, 0.129136628383, 0
-0.207707945263, 0.931787245034, 0
-0.239779568428, -0.513042066016, 0
0.0283805291832, -0.335801079872, 0
-0.38090770759, 0.415040754969, 0
0.888660557583, -0.246918393539, 0
0.745600622012, -0.194075172484, 0
-0.732368887942, -0.537865753151, 0
-0.655571444223, -0.331235464991, 0
0.569771216505, -0.961274703227, 0
0.425749041666, 0.204839826078, 0
-0.0151876770607, -0.802830482853, 0
-0.326099753915, -0.959164690739, 0
-0.332420187916, 0.453755926841, 0
-0.0375320916459, -0.224370872147, 0
-0.423877148568, -0.899573952878, 0
-0.973969661281, 0.0269401385132, 0
0.103854862212, -0.19032346067, 0
-0.99403152942, 0.559435955571, 0
-0.81497525572, -0.499227872707, 0
0.486609947177, -0.298559604342, 0
0.934896717986, -0.624213875425, 0
-0.398283383246, 0.90285865648, 0
-0.295720111697, 0.992945341445, 0
-0.977963289445, -0.520394221657, 0
0.361756547527, -0.729240449519, 0
-0.566253522243, 0.752784491195, 0
-0.954947034374, -0.685656909171, 0
0.528463856964, -0.612896160947, 0
0.471273020346, 0.449047493019, 0
-0.437639644186, 0.946350361663, 0
0.0791678497471, -0.074513428874, 0
-0.430587036801, 0.260934812489, 0
0.358790451822, 0.982863852806, 0
-0.0353941558407, -0.536011958587, 0
0.244981097105, 0.0807502399992, 0
0.194092585213, 0.626297998864, 0
0.388580474765, -0.729922646788, 0
0.700014236177, -0.912618465877, 0
0.986314657411, -0.137884710679, 0
-0.277976372974, 0.145277530309, 0
-0.547168395448, 0.960651305142, 0
-0.607138346019, 0.575730484482, 0
-0.163481862536, -0.981886246602, 0
0.975385282167, 0.883387631054, 0
0.989882854755, 0.136178660073, 0
0.887174007632, 0.982787608133, 0
-0.933335740127, -0.312514521954, 0
0.328996421553, -0.337115746699, 0
-0.914923089356, 0.463170342528, 0
-0.378605788354, -0.221441662835, 0
0.800897996711, 0.498771893853, 0
0.441166604831, -0.380346913669, 0
0.835844215, -0.321254178803, 0
-0.724270301523, -0.562533917002, 0
-0.114348913264, 0.222982405139, 0
-0.112327431869, -0.258932978809, 0
-0.138023109742, -0.493157385212, 0
0.512985214131, 0.938787851978, 0
0.673978053611, 0.406753283868, 0
-0.442580158511, 0.0813936048203, 0
0.610797964218, 0.00381604676186, 0
-0.0294267538172, -0.0428415651734, 0
-0.724595353573, 0.760150518601, 0
0.541063380094, -0.421315243986, 0
0.808572731811, 0.506677107344, 0
0.941290315041, 0.154960707971, 0
0.73045872802, -0.479204369458, 0
0.332707381309, 0.181934089512, 0
-0.164822964958, -0.570889045245, 0
0.0996903174004, 0.556013976056, 0
0.151390676622, 0.677648976748, 0
0.215417715386, -0.104205362536, 0
-0.133185626832, -0.0644463569801, 0
0.353657461165, -0.0402348154573, 0
-0.850137430468, 0.486170621251, 0
-0.888581935324, -0.500530021373, 0
-0.174665479541, -0.365661218163, 0
-0.42364777035, 0.87243695178, 0
-0.16361782199, 0.601644107017, 0
0.554846251539, 0.0862369169392, 0
-0.314538626923, 0.918251335527, 0
0.0681457946935, 0.375309550902, 0
-0.373202561062, -0.0987634945887, 0
-0.685403999862, -0.152952842626, 0
0.999971227369, 0.34333437201, 0
0.624565478022, 0.840950282408, 0
0.511782009229, -0.441618050516, 0
-0.39077432422, -0.338155346366, 0
0.800572323812, 0.529973910874, 0
-0.327196912908, 0.164149148582, 0
-0.530322252294, -5.71878764288e-05, 0
0.0868323138611, -0.0607426390056, 0
-0.184151266667, 0.920780552007, 0
-0.833224974161, 0.418498786217, 0
0.807425333063, 0.754770675816, 0
0.52858883847, 0.63545984893, 0
-0.295679401232, 0.100795465265, 0
0.953121233522, 0.152111940659, 0
0.100579091793, 0.97782800054, 0
-0.83304653715, -0.297444116037, 0
0.806618613318, -0.893667046435, 0
-0.732272675113, 0.344810914585, 0
0.282525951801, -0.184209624374, 0
-0.456171156034, 0.117540429418, 0
0.123936515482, 0.44581727244, 0
0.268432881029, 0.534088220387, 0
0.35612032338, 0.212307969663, 0
-0.195578564575, 0.123740626562, 0
-0.209569056983, -0.865603883923, 0
-0.620612423399, 0.078997367052, 0
0.203124649348, 0.710301568331, 0
0.804484033491, -0.974498430625, 0
0.669341053517, -0.112537441714, 0
0.287509991667, 0.799474073414, 0
-0.0166144467142, -0.985387478213, 0
-0.855531866828, 0.394827271532, 0
-0.373627313829, 0.43474046263, 0
0.316112645522, -0.183815682795, 0
-0.620155755745, 0.0629608120802, 0
-0.747120358633, 0.844439700595, 0
0.114271509851, 0.620186391271, 0
-0.00595812933513, -0.760263235366, 0
0.896973365915, 0.545029033505, 0
0.422709170791, -0.831684879613, 0
0.498247941307, 0.582120320704, 0
0.413552922972, -0.345385500903, 0
0.440616662322, 0.152113893308, 0
0.421836237118, 0.076626375144, 0
-0.226497007918, -0.699004523958, 0
-0.794816940497, -0.902176098456, 0
-0.831185431236, -0.285001349406, 0
-0.127989283306, 0.0303787919531, 0
-0.160832393778, 0.370754695443, 0
0.838652211332, 0.951835720248, 0
-0.501022764927, -0.131087162894, 0
-0.993392677444, -0.27435195657, 0
0.451833126062, 0.742271770974, 0
-0.654656272454, -0.707690308244, 0
-0.894961265413, -0.0769782248299, 0
0.192189346572, -0.787444017503, 0
0.255993493981, 0.829696198027, 0
0.47684684694, 0.0279608837764, 0
0.548660294915, 0.933443049632, 0
-0.652833651426, 0.625062942321, 0
0.557530876371, -0.0581785318711, 0
-0.609504696538, -0.11493889899, 0
0.78718464235, 0.89045762641, 0
-0.96584351216, 0.310326806967, 0
0.976169759314, -0.82829329183, 0
-0.859286548855, -0.908725053844, 0
0.0966683228858, 0.456348008776, 0
0.626504206013, 0.481653472536, 0
0.81973352566, -0.411631961203, 0
-0.436710370005, -0.759082256508, 0
-0.151670975277, 0.302949197692, 0
0.374562558732, 0.311661602833, 0
0.00655932993097, -0.404310702583, 0
0.571420816515, 0.347141840252, 0
-0.775125503226, -0.981153025659, 0
0.134196473894, -0.857598749151, 0
0.22568367083, 0.865872125938, 0
-0.732454365364, -0.724366725413, 0
-0.885696144166, 0.978237981651, 0
-0.279083172336, 0.76770007417, 0
-0.589395907299, 0.74572111347, 0
-0.334432309026, -0.666350498764, 0
-0.188642563762, -0.198642404907, 0
0.643147019915, -0.282859559532, 0
-0.922083476345, -0.258725051219, 0
0.334244743674, 0.489768625232, 0
0.918584713185, -0.59572014802, 0
0.846645186025, 0.293631327351, 0
0.697681512476, 0.141748191845, 0
-0.412233967764, -0.238466486511, 0
0.66495621945, -0.586421475454, 0
0.864835698081, 0.665146397547, 0
0.304923327042, -0.375533362947, 0
0.412825996142, -0.253006502019, 0
0.27983052456, 0.39048175654, 0
0.321542226603, -0.538609580028, 0
-0.942944218473, 0.821456611051, 0
-0.673966201898, -0.515939907449, 0
0.0658635493721, 0.352783747131, 0
-0.480071044608, 0.0581737576891, 0
-0.486333788321, -0.199422040872, 0
-0.0268240925623, 0.363631420415, 0
0.153369389333, 0.594533367494, 0
0.228591937038, -0.227926968524, 0
0.326866773838, 0.983129391211, 0
-0.257135918207, -0.199141130434, 0
-0.617933779166, -0.330029711432, 0
-0.260222878214, -0.571351274115, 0
0.226342925651, -0.567535049511, 0
-0.96622278184, -0.0211235776423, 0
0.0885476838169, -0.166738255164, 0
0.174027790293, -0.360977506521, 0
0.506483732917, -0.0124562249691, 0
0.349161272655, -0.445538688082, 0
-0.576687564783, -0.332442146147, 0
0.564053290316, -0.577056796549, 0
0.334491158844, 0.165418926585, 0
0.433674254609, -0.834743397156, 0
-0.910520482, -0.929318529623, 0
-0.548277943622, -0.404705431948, 0
-0.760574236125, 0.804618667869, 0
-0.463759255023, -0.256151533202, 0
-0.813628370059, -0.872255847787, 0
-0.32534194751, -0.113305116124, 0
-0.401728442563, -0.462417680758, 0
-0.932020197962, 0.716243249586, 0
0.367349282623, 0.531770738356, 0
-0.732347187907, 0.901905312023, 0
-0.174121631232, 0.070155650359, 0
0.419260533612, -0.122958743511, 0
-0.680067997143, -0.260555088825, 0
-0.488249664486, 0.728697373319, 0
0.835645483678, -0.195926092822, 0
-0.904593621769, -0.111883175949, 0
0.140866255926, 0.353366077723, 0
-0.657383060818, 0.821378794889, 0
-0.919924382253, -0.757869955634, 0
-0.139012773624, 0.706146768819, 0
0.797280293745, -0.101888833421, 0
0.0236204979517, -0.964526116984, 0
-0.579061613874, -0.746329250117, 0
0.80952341152, -0.684623008027, 0
0.93595557179, -0.18633134144, 0
-0.767774958336, 0.704785806511, 0
-0.568898989066, -0.973161295905, 0
0.922568323943, -0.646029291518, 0
0.0826892113407, -0.660693863016, 0
0.633128241194, 0.853372981113, 0
-0.338723977753, -0.0892157502971, 0
0.880346417523, 0.945929674188, 0
-0.419005583882, 0.238212588685, 0
0.555127587159, 0.37211371475, 0
-0.593797307401, -0.123253066291, 0
0.620544748489, -0.307330017641, 0
-0.456561550121, -0.630491713857, 0
0.106674134783, -0.677055827712, 0
-0.171863706523, -0.902368038054, 0
-0.956013349699, -0.842614777956, 0
0.30698324285, -0.892879983463, 0
-0.513738997464, -0.611895578341, 0
-0.49055155519, 0.0873658362825, 0
-0.575509292756, 0.146343863275, 0
-0.876314781019, 0.955192822386, 0
0.980586317457, 0.900625738152, 0
-0.0815773036188, -0.433237861509, 0
0.275865541117, 0.830219778586, 0
-0.181298055087, 0.613214668317, 0
0.439862110771, -0.430756603285, 0
-0.0844331761516, -0.210625995383, 0
-0.629408117779, 0.171348343302, 0
0.715313773646, 0.307053574807, 0
0.150177934148, -0.217285937643, 0
0.59754763347, -0.730964375004, 0
-0.270700593393, 0.309326655632, 0
-0.882080660418, 0.826586716838, 0
0.984189157821, 0.190563443564, 0
-0.959780609215, -0.720137539964, 0
-0.464718681955, -0.340525405695, 0
0.245799904205, 0.352401272701, 0
0.701754384213, -0.341096147347, 0
-0.67000609803, -0.79482868607, 0
0.12188728319, 0.723966172591, 0
-0.886498881549, 0.232083197598, 0
-0.412164245933, 0.196636013572, 0
-0.326709886911, -0.198355278408, 0
0.215117540823, -0.956815407594, 0
0.0118839951558, 0.174037506075, 0
0.862016589235, -0.54802114251, 0
0.751049137036, 0.590481051714, 0
0.367622855767, -0.545060715545, 0
0.952820952157, 0.745890770159, 0
0.602940957731, 0.186763628057, 0
0.710051453636, -0.69663613384, 0
0.215894022609, -0.153108036578, 0
0.203757486109, 0.361297851576, 0
-0.355113583728, 0.640599957217, 0
-0.250676069844, -0.836610692345, 0
0.576061866224, -0.678893530979, 0
0.79941727571, -0.300988792869, 0
0.34864533009, -0.152969368791, 0
0.710681354862, 0.993188829301, 0
-0.856581817518, -0.631852928987, 0
-0.850365678944, 0.494493562448, 0
-0.846069958826, 0.563397839372, 0
-0.614483777405, -0.974459919091, 0
0.359734481646, -0.14140770451, 0
0.75260469191, 0.286424787382, 0
-0.692222961724, -0.185584778333, 0
-0.898136183207, -0.771730813059, 0
0.183068928415, 0.0822179062678, 0
0.99891392756, 0.931297826403, 0
0.792916623643, 0.0869902969638, 0
-0.453026721373, -0.272374712889, 0
0.832058406442, 0.482492493012, 0
