0.592880085151, -0.507423477141, 0
-0.0536736371369, -0.978673646171, 0
0.0212161425181, -0.735516912311, 0
-0.900584564474, 0.385419083398, 0
-0.28222247806, -0.243480502431, 0
-0.125075020317, 0.163331566226, 0
-0.0273519541314, 0.00546849861061, 0
-0.436619597117, -0.203162282287, 0
0.401061440696, 0.191959681308, 0
0.0390070688253, 0.57077856138, 0
-0.427072980976, 0.54698513326, 0
-0.643337075857, -0.287042638012, 0
-0.0805787005785, -0.797042075207, 0
-0.808476073668, 0.173477591359, 0
-0.451303751666, -0.395015826739, 0
-0.216736198278, 0.782719443311, 0
0.814207381583, 0.0337395532002, 0
0.256202449123, -0.687478935025, 0
0.485085069221, -0.0412297729038, 0
-0.47624160725, 0.0624905854874, 0
-0.677924230521, 0.465395546833, 0
-0.33306177221, -0.251347384103, 0
-0.133538177954, 0.515809450009, 0
0.577870350643, 0.367680555441, 0
0.702445434879, -0.274679939048, 0
-0.329385039017, -0.208705665956, 0
-0.705745938016, 0.19455056814, 0
0.429823621105, 0.636757905567, 0
-0.65450049826, 0.128540773132, 0
0.668383464962, 0.188594304034, 0
-0.0248759166705, -0.313185180799, 0
0.497335485428, 0.626643971763, 0
0.0115329657512, -0.164819079399, 0
0.207742293432, -0.231701347855, 0
-0.128713946329, 0.834360317984, 0
0.264717677335, 0.55217276922, 0
0.003637402093, -0.803793369929, 0
0.384185452497, -0.49136827172, 0
-0.717027505549, 0.296725906616, 0
0.389255988343, 0.224026716901, 0
0.131388420185, 0.718154151324, 0
-0.483330011033, -0.287946802173, 0
-0.00446828358365, -0.750054087541, 0
-0.553972809072, -0.625873995934, 0
-0.657426459984, -0.320223563804, 0
-0.0108021782183, 0.856438900087, 0
-0.189531343235, -0.852195715421, 0
0.261534454396, -0.397106256314, 0
0.0737823587537, 0.916365185809, 0
-0.0146150031973, -0.593176396057, 0
0.234316276908, 0.612449907329, 0
0.534053855719, 0.814549527311, 0
-0.480680100343, 0.868985167731, 0
0.349111639286, -0.397320074844, 0
-0.625401273145, -0.489045943817, 0
0.695318427384, -0.0981663129446, 0
-0.139448454788, 0.470350060999, 0
0.429857351056, -0.606606050451, 0
-0.080481765693, 0.193125225167, 0
-0.170418996267, 0.00791716084326, 0
-0.184536498205, -0.551475342823, 0
-0.740454738328, 0.488677079945, 0
0.0131400281842, -0.594685328592, 0
-0.401581150863, -0.151417387194, 0
-0.380902687851, -0.444065618688, 0
0.306863910938, -0.298874182488, 0
0.242410067845, 0.778141555077, 0
0.812499735946, 0.023155740919, 0
0.0453454412163, -0.595123114567, 0
-0.0305297902086, -0.464748223262, 0
0.388798759849, 0.604974620114, 0
-0.971460470877, 0.00371962710338, 0
0.340706808677, 0.132731801384, 0
0.533275337521, 0.174128811778, 0
-0.678366349276, 0.615638260693, 0
0.188351491753, 0.539768891569, 0
0.538770919584, -0.671250771644, 0
0.267774158604, 0.938555411244, 0
-0.152317756835, 0.434208248721, 0
0.461141676718, -0.737379985246, 0
0.0944861630022, 0.564942398718, 0
-0.411739718772, 0.0918791804167, 0
0.205099828236, 0.244623514381, 0
0.132132081974, -0.128732236779, 0
-0.65692970851, 0.553536865605, 0
0.275588222207, 0.0660703347491, 0
-0.584935136436, -0.549539946912, 0
-0.172795140378, -0.396526157642, 0
-0.479106044456, -0.477845190608, 0
0.0897410894629, 0.301762437836, 0
0.00869183853967, 0.173619753421, 0
-0.713520715255, 0.42953065022, 0
0.526836563303, 0.326987419494, 0
-0.0264302207678, 0.531837106303, 0
0.698723118275, 0.0257289989611, 0
0.719106904538, -0.433437624268, 0
-0.391946920013, 0.513081118294, 0
0.39278737789, 0.0468937899275, 0
-0.0402186099876, -0.0067974522218, 0
0.656706155658, 0.459398561341, 0
-0.48494061871, 0.351266114393, 0
-0.0675608928018, -0.454956494899, 0
-0.737272659697, 0.233365919975, 0
0.697449980944, -0.198938269011, 0
-0.307065962579, -0.598885230943, 0
-0.431017713614, 0.541680736963, 0
0.484603616784, 0.355744362859, 0
0.855617753514, -0.397133789001, 0
0.435107665198, -0.603436119489, 0
0.262002773321, 0.0454009748945, 0
0.118628281805, -0.439707178826, 0
-0.702531348488, -0.580415450269, 0
0.231118889755, -0.766992786828, 0
-0.285062795678, 0.599076348882, 0
-0.683616519508, 0.0732469471399, 0
0.209294694358, -0.209622771906, 0
-0.361994343542, 0.534618907701, 0
-0.278130054527, 0.702737853162, 0
0.350912120898, 0.650652925017, 0
-0.102976000125, 0.912120097071, 0
-0.455496458772, 0.649233279727, 0
-0.289654189867, -0.407098766956, 0
0.061563889491, -0.72679089727, 0
-0.658192837626, 0.559888341355, 0
0.648861248416, 0.543446155543, 0
-0.20600269433, -0.647476560089, 0
-0.818261340525, 0.412002779202, 0
-0.486850829745, -0.507393272497, 0
-0.0487463676032, 0.34270947421, 0
0.685033796679, -0.141430992719, 0
-0.669577332944, 0.451895551839, 0
-0.637375200904, 0.12199873578, 0
0.749600801021, 0.178352282646, 0
-0.484709546311, 0.500085345737, 0
-0.718911686882, 0.673392881468, 0
-0.376787432495, 0.352357049951, 0
-0.534245152003, -0.709502096991, 0
-0.0239412656194, -0.680087256814, 0
0.119286790909, 0.814404060791, 0
0.438304555553, -0.570066045166, 0
-0.448693456606, 0.445967836895, 0
0.221883855002, 0.837057184542, 0
-0.193076027042, -0.621791333765, 0
0.784987711663, -0.603623042704, 0
-0.515234092087, 0.175243702591, 0
-0.719010017444, -0.15577491565, 0
0.104916534094, -0.192848830606, 0
-0.119088227078, -0.364865606737, 0
0.459576493296, -0.310630885087, 0
0.264020824536, 0.869353364277, 0
0.62127123955, -0.589762719093, 0
-0.0419474912213, 0.0880677631242, 0
0.470463348356, -0.731189297438, 0
0.441471376107, -0.523330885053, 0
0.243513350778, 0.650872303244, 0
0.097583907934, 0.755004958192, 0
0.225409153865, -0.176092414855, 0
0.294633928106, 0.0927978728297, 0
0.147497671614, 0.715473864716, 0
0.190287779539, -0.759936430921, 0
-0.877015086233, -0.0291228167396, 0
0.678554602289, 0.459128506012, 0
-0.685982334847, 0.0467489296011, 0
-0.0800446115976, 0.29983230204, 0
0.259759188159, -0.719391367223, 0
-0.956287121737, -0.148011614817, 0
-0.0347811018244, -0.569940989747, 0
-0.569923790172, 0.632865386408, 0
0.764237348517, -0.291053041076, 0
0.148638004635, 0.981556784195, 0
0.550349612541, 0.254827796772, 0
0.330883485397, -0.0626376622221, 0
-0.639008853822, -0.64771426935, 0
-0.742017824413, 0.251737609361, 0
-0.784950099208, 0.468820839272, 0
-0.640498639397, 0.176578897244, 0
0.89905538394, -0.138380475737, 0
0.519863285025, 0.530925302989, 0
-0.574532976066, -0.230048215273, 0
0.505448685465, 0.476236184537, 0
0.546903572059, 0.422438039921, 0
0.515970963288, 0.452806022755, 0
-0.0138892069098, 0.0190346121175, 0
0.506729666019, -0.552508114709, 0
0.368887377834, -0.495062332538, 0
-0.38140351177, -0.342207907825, 0
0.693990244665, -0.555891541321, 0
0.140547436822, 0.706560739257, 0
-0.477002369976, -0.837860411184, 0
-0.141964201136, 0.852461333858, 0
-0.0229005735765, -0.520008019596, 0
-0.5321053264, 0.525548714642, 0
0.0247908443262, -0.239458918326, 0
0.122296939533, 0.464754872222, 0
-0.796160388249, -0.248528863513, 0
0.932272550088, 0.281053696884, 0
0.605689110999, -0.315756312262, 0
0.860091342917, -0.203741185841, 0
0.209934950121, 0.910943570768, 0
-0.538617938366, -0.23284782965, 0
0.191238590992, -0.912184340259, 0
-0.828756762116, 0.200739141478, 0
0.582083753346, 0.189887868288, 0
0.161337733952, -0.335655133554, 0
-0.223174448285, 0.698833555378, 0
-0.279200711309, -0.206022193397, 0
-0.597011263246, 0.697455308032, 0
-0.694148056225, -0.21580316815, 0
-0.280023558987, 0.783024909175, 0
0.71573104491, -0.248266958985, 0
0.589766027299, -0.108080301447, 0
0.0531551752342, -0.512637585862, 0
-0.00543603373569, -0.0970219731338, 0
0.96266391016, -0.232085988369, 0
-0.225529285507, -0.689225888675, 0
0.330796634039, -0.912686692539, 0
0.583166972568, -0.62265906669, 0
0.380435678232, -0.645542222247, 0
0.358056403634, -0.100386238965, 0
0.3163302967, 0.197224357917, 0
0.57476311816, -0.320107252435, 0
-0.0927318609901, -0.441576463797, 0
0.0146514321767, 0.856970200878, 0
-0.107815045467, -0.1300744534, 0
-0.732492803887, -0.553166008194, 0
-0.730610889375, -0.552252825208, 0
-0.582050423134, -0.623061496108, 0
0.280921129, -0.0104194600777, 0
-0.115232813496, 0.482281885465, 0
-0.302691333905, 0.93785432934, 0
-0.156563417039, -0.034475658015, 0
-0.0515884627774, 0.600233770273, 0
-0.332221707482, 0.63003511934, 0
0.738642038784, 0.0934344000499, 0
0.411787945242, -0.825084466406, 0
0.570287829129, -0.208236086347, 0
0.473621835813, 0.82676730441, 0
0.0727391908688, -0.468578040291, 0
-0.551076651768, -0.323978521044, 0
0.605451918784, -0.60805669195, 0
0.155659077066, 0.0409171389777, 0
-0.632299594053, -0.482810230619, 0
-0.451946034867, 0.614604667889, 0
0.521939251021, -0.704929336338, 0
-0.75219931497, -0.119932472575, 0
-0.680317642089, -0.304282214028, 0
-0.274374079654, 0.608177193481, 0
0.523304514367, 0.795440509909, 0
-0.343450476643, -0.523261538011, 0
0.143980231994, 0.525418969343, 0
0.569944125221, 0.743160515464, 0
-0.580738810891, -0.119405621969, 0
-0.147283009304, 0.869739143028, 0
0.699986269774, 0.620987538735, 0
0.733865321359, 0.242234193643, 0
-0.396707592805, 0.0665113295573, 0
-0.846700725551, -0.0125027371618, 0
-0.760173909643, -0.231287867031, 0
-0.122836897453, 0.231701565105, 0
0.544161683182, -0.548940706358, 0
0.341720793879, 0.263977503395, 0
-0.501059008456, -0.254626769308, 0
-0.557452925071, -0.32501851746, 0
-0.150583263922, 0.555537821362, 0
0.878093616055, -0.319737347555, 0
0.59349873941, 0.126222996523, 0
-0.0166369350719, -0.819495053751, 0
-0.428661527932, -0.506647575049, 0
-0.316150006576, -0.615803211284, 0
-0.0739740921718, -0.779979034807, 0
-0.239030353971, -0.438218387099, 0
0.194013913355, -0.0321837406986, 0
-0.381897804062, 0.118432467852, 0
-0.0265892094263, -0.201765891637, 0
0.647648059597, 0.639526222433, 0
0.197493033146, -0.754266731778, 0
-0.694689984126, 0.476412200619, 0
-0.869059224441, -0.182936735849, 0
-0.408104195407, 0.162744489243, 0
-0.110585413627, -0.639327852365, 0
-0.175128526208, -0.737944660776, 0
-0.114167107293, -0.221497651553, 0
0.0662280799662, 0.94360298741, 0
-0.689645387914, -0.193195054013, 0
-0.276763026561, -0.635621177325, 0
0.372644702408, 0.341841129817, 0
0.227777152404, -0.595444110545, 0
-0.755512158348, 0.397918262591, 0
-0.00902787540211, -0.130387730939, 0
-0.129481235137, 0.767002770827, 0
0.347266012851, -0.86461657132, 0
-0.0633258621493, 0.812772637599, 0
-0.364262030412, -0.815055390946, 0
0.330668127595, 0.7995625198, 0
-0.534720850205, 0.199572272902, 0
0.851489151065, 0.119059850263, 0
-0.549460216685, 0.713746039345, 0
0.924762392094, 0.291963260291, 0
-0.600034713331, -0.386239519922, 0
-0.308561954165, 0.496408549654, 0
0.347894800416, -0.905206869572, 0
0.443059821998, 0.434794785922, 0
-0.0346274209744, 0.473511821371, 0
0.432750510696, -0.227693817045, 0
-0.228225025048, 0.594985538306, 0
0.418572993406, -0.420083969965, 0
-0.0841179324312, 0.45501338776, 0
-0.108498191452, -0.454449990773, 0
-0.40338124344, 0.724191016164, 0
-0.350796363046, -0.797231382847, 0
-0.21881388636, -0.747376585059, 0
-0.339883308522, -0.0210326999736, 0
0.0829223326565, 0.902074207934, 0
-0.328669679328, -0.758460155406, 0
-0.494271179795, 0.788806009347, 0
-0.333475225381, 0.427662998596, 0
-0.571723450541, 0.797651627548, 0
-0.470767672043, 0.115210688631, 0
-0.546476845107, -0.39058859399, 0
0.87368501643, -0.0167784996015, 0
-0.153869840076, 0.604152977772, 0
-0.674455205283, -0.0916015176972, 0
0.382817990201, -0.0633367451582, 0
0.656076840299, 0.22860855607, 0
-0.148438397334, -0.398066676753, 0
0.978756209037, -0.189921897347, 0
-0.831045932613, -0.107011505972, 0
0.411463793396, 0.37700549689, 0
-0.188472894415, -0.595827831965, 0
0.0702240094885, 0.594404022203, 0
-0.699663752933, -0.32585622263, 0
0.164821687641, 0.201010452272, 0
-0.171215103319, 0.681097839218, 0
0.335693038584, -0.76311752505, 0
-0.340055124507, -0.0494044325373, 0
0.0991334684378, 0.169276440644, 0
-0.788176308821, -0.224486208187, 0
0.356150691046, 0.792420353803, 0
-0.324258507244, -0.330434587328, 0
0.368459079229, -0.603508319229, 0
0.836895605869, 0.253112937937, 0
-0.945235016538, 0.245487260564, 0
0.461008074799, -0.389736557615, 0
0.764749961396, -0.472011180665, 0
0.715636447907, 0.0486536826934, 0
0.407350602469, 0.137379352186, 0
-0.321616283129, -0.562171627677, 0
-0.78375224716, -0.307334588314, 0
-0.332972327668, 0.806846093069, 0
-0.162897351206, 0.114359203638, 0
-0.139976835534, 0.361109850339, 0
0.2712512206, -0.262815550312, 0
-0.674093948409, -0.710376435718, 0
-0.221421671081, -0.805428619394, 0
0.351281902368, -0.731754410756, 0
0.241640732499, 0.892585068541, 0
-0.752011212889, -0.0186761275304, 0
-0.111809028986, 0.801901215114, 0
-0.293193950611, 0.3650771028, 0
-0.679350434614, 0.217216233544, 0
0.181142040997, -0.306181631572, 0
0.263266723757, -0.877652688745, 0
0.318773339517, -0.151570085232, 0
-0.160565150652, -0.18122440755, 0
-0.477599744915, -0.277331840333, 0
-0.874003263692, 0.290796922445, 0
0.284196412462, -0.258908373893, 0
-0.202958784656, -0.523053862502, 0
-0.557788100111, 0.394624060574, 0
0.0458932503842, -0.7949094491, 0
-0.714733015772, -0.185150680654, 0
0.282076171257, 0.0995259327889, 0
-0.375887951296, 0.866964797807, 0
0.400902824563, -0.676010863949, 0
0.481482431432, 0.619771943876, 0
-0.149055440454, 0.797820158606, 0
0.0805651007219, 0.545728759977, 0
0.0712492698823, 0.612687026566, 0
-0.146973033516, 0.55926497939, 0
-0.825305127203, -0.265345954254, 0
0.0343847786195, -0.778697092628, 0
0.24533679349, -0.851518054831, 0
0.385281988951, -0.802186032143, 0
-0.551707126398, -0.638039730242, 0
-0.178345034891, 0.010246437221, 0
-0.682030719715, 0.0393824301571, 0
-0.25127648677, -0.147301086461, 0
-0.528892455643, 0.0377477158241, 0
-0.304969812506, -0.640481854133, 0
-0.8732061118, -0.202176829143, 0
0.272284106932, 0.698853456004, 0
0.655384082036, 0.111032697256, 0
-0.230475435576, 0.747470885165, 0
-0.400115281427, 0.801889568846, 0
-0.312201650649, 0.884950468024, 0
-0.667367912328, -0.0661780979044, 0
0.599159624301, -0.0125288786258, 0
-0.389336027268, -0.604676579367, 0
0.717684053705, 0.67177842797, 0
0.738534601977, 0.362785528243, 0
-0.0578356055048, 0.0717454014659, 0
-0.501746837989, 0.61666308958, 0
0.628345689302, -0.320027188503, 0
0.539677786048, -0.00496428538667, 0
-0.731987942475, 0.135309897222, 0
0.553771031874, 0.77115752644, 0
-0.0538637098144, 0.560686911319, 0
-0.957078143967, -0.0467527718901, 0
0.059941192078, -0.506523713565, 0
0.328833415215, 0.114794549089, 0
0.60590858586, 0.493988216821, 0
0.726469315837, -0.459870022667, 0
0.0282242858844, 0.0390486757018, 0
0.542182495827, 0.426051022387, 0
0.0506792939583, -0.697222035187, 0
0.0346243857645, 0.998451526881, 0
-0.417315522075, 0.864120494313, 0
0.790753736122, -0.0639291019431, 0
0.674210213652, -0.0372612682905, 0
-0.397849188366, 0.479517466438, 0
0.840911628677, -0.424906789422, 0
-0.880906950388, 0.462810124199, 0
-0.0565175540725, -0.385157721589, 0
-0.0489292425731, -0.270827511327, 0
-0.220596442268, 0.669914496735, 0
0.234461410662, 0.916473661041, 0
0.475884424937, -0.5423425636, 0
0.00696091545609, -0.309986621718, 0
0.0159311966413, 0.447371238982, 0
-0.199165321962, 0.925973924341, 0
-0.0441366608206, 0.569625178358, 0
0.12684107654, -0.367722523372, 0
-0.812837510627, 0.211063404437, 0
0.859528936584, 0.355891922463, 0
0.177291861055, 0.63620865685, 0
0.103528658624, -0.927925440703, 0
0.409271618496, -0.182945214784, 0
-0.564143297534, 0.0804125380202, 0
-0.282627101772, -0.550684652248, 0
-0.731739946276, -0.321288170189, 0
-0.0652412797236, -0.940393619947, 0
0.474504581138, -0.0985639298956, 0
-0.501758349751, 0.38172801772, 0
-0.652263082415, 0.244607441811, 0
0.0125378883648, 0.801460551927, 0
-0.379487742395, -0.809992254177, 0
0.563052085551, -0.513349348207, 0
-0.306152424445, 0.913707798145, 0
-0.099389515937, 0.706093680125, 0
-0.393332823398, -0.42634422224, 0
-0.753181052968, 0.572781415, 0
0.276787598376, 0.588913816475, 0
-0.174290278649, -0.176106915208, 0
-0.0894758336513, -0.891725212181, 0
-0.499934471906, -0.338969068226, 0
0.137641381378, 0.466523890336, 0
0.493166171348, 0.126112639504, 0
0.718297203454, 0.166984363742, 0
-0.546043473539, -0.645439928228, 0
0.276046722755, -0.283922332861, 0
-0.178709752028, 0.143038152048, 0
-0.307918037564, -0.798423790174, 0
-0.299470692233, 0.360850323726, 0
0.185827293911, -0.354006427251, 0
0.148621499853, 0.623200754393, 0
0.979147108174, -0.044890878938, 0
0.157031112102, 0.888671267745, 0
-0.0955424284112, 0.292240976286, 0
-0.562992462429, 0.693509663971, 0
0.68611773953, -0.602472755439, 0
0.0427947105295, -0.716820729458, 0
-0.301758428839, 0.304758909576, 0
0.328415245851, 0.439384910915, 0
0.0999198662064, 0.39313908434, 0
0.0451229188258, 0.943177248518, 0
0.519037798214, -0.216184462685, 0
0.533295730353, 0.768295397077, 0
0.563761151447, -0.398112377376, 0
-0.602739859367, 0.258077229695, 0
-0.799474696512, 0.517783370509, 0
-0.13544314473, 0.182243264507, 0
0.54230592431, -0.193263817224, 0
0.707862684911, -0.425600764522, 0
-0.149396636495, 0.332497738128, 0
-0.220821154378, -0.744485622091, 0
-0.265668283046, -0.398343485416, 0
0.0870168600089, -0.167819238454, 0
0.585468494737, -0.548582883808, 0
-0.434884037393, 0.899504247202, 0
0.0497931249982, -0.550488094384, 0
-0.799810182279, -0.590708289038, 0
0.534929584149, -0.083040156382, 0
-0.469844964894, 0.77626302609, 0
0.060960897278, 0.647431775806, 0
-0.857655678963, -0.025033076038, 0
0.419496312441, -0.118910125781, 0
0.59404557662, 0.194161905144, 0
0.749250555762, -0.316636245629, 0
-0.302368791369, -0.295530273653, 0
0.493600470884, -0.0672421578614, 0
0.407686904794, -0.0539836763506, 0
-0.75251429918, 0.401640350259, 0
-0.556623829196, 0.681545903561, 0
-0.395517795853, -0.497307916751, 0
0.688784920887, -0.484825313809, 0
-0.193253633753, -0.764014035064, 0
0.492333740228, 0.0379382044793, 0
0.797988965324, -0.353209172994, 0
-0.00244956400653, 0.256254708501, 0
-0.183108736254, -0.970126636109, 0
0.296480176143, -0.863119855354, 0
0.287748294014, 0.809455856536, 0
0.713447072644, 0.503134810351, 0
-0.747472221328, -0.173633201809, 0
0.138403127131, -0.301902925605, 0
0.31528384351, -0.422973216459, 0
-0.436342184934, -0.810406739929, 0
-0.193790148058, 0.960224402181, 0
0.794859842751, -0.595695019845, 0
0.776804918859, 0.40485597079, 0
-0.328937629759, -0.672280688552, 0
-0.554951853175, 0.632583210983, 0
0.926842143765, 0.165830165618, 0
-0.0473883086363, 0.239778886076, 0
0.658997833237, 0.621731919127, 0
0.693237474546, -0.535981588699, 0
-0.306709888446, 0.31091333835, 0
0.295749240751, -0.652882203281, 0
0.390749793053, 0.593158683039, 0
0.168614249922, -0.789106881671, 0
-0.269501693296, 0.848598751554, 0
0.150007927311, 0.159337970765, 0
0.486668895256, -0.402087875057, 0
-0.595946891263, -0.0378086859861, 0
-0.129296674327, 0.265999612169, 0
-0.425215398656, 0.294282782622, 0
0.207558821755, -0.59865558647, 0
-0.304562084168, -0.718016146463, 0
-0.0664280869186, 0.455201772268, 0
-0.44787092677, 0.697221395295, 0
-0.886826397469, 0.278634286332, 0
-0.239007575028, -0.217113765539, 0
-0.0430791901798, -0.252569374713, 0
-0.00939884111263, -0.622385491003, 0
0.352945950141, 0.355668992085, 0
-0.169198601973, -0.531188892786, 0
0.754940362046, 0.355536337571, 0
-0.176989971443, -0.0784818703458, 0
-0.797220410292, 0.238874898603, 0
-0.229737291239, 0.374266652445, 0
-0.0494006713916, -0.446919407912, 0
0.360430597806, -0.781993203675, 0
-0.364666178464, -0.908382712253, 0
-0.102805587403, -0.889725937389, 0
-0.0131895771944, -0.570580770847, 0
0.595002040068, -0.305604905106, 0
0.924995708957, -0.155051941911, 0
-0.179569360015, -0.777249308806, 0
-0.560229565543, -0.498342682716, 0
0.659607184707, -0.750447775205, 0
0.130394776326, 0.554468098191, 0
0.705235557269, -0.141824956398, 0
0.367799520602, 0.594184942936, 0
0.322067111775, 0.742031921999, 0
-0.736662031469, -0.0681163067071, 0
-0.910034091456, -0.188328429326, 0
-0.33945092115, -0.55226601551, 0
-0.677518641725, -0.424390433015, 0
0.00697834287689, 0.912767150793, 0
0.41143019532, -0.489236501445, 0
-0.226455859434, 0.739311970373, 0
-0.621506647138, -0.275674414029, 0
-0.277305189349, -0.71696247476, 0
-0.643824996802, 0.444136100854, 0
-0.132905658975, -0.9034764352, 0
-0.293569053707, 0.912436948415, 0
-0.399711259256, -0.0764193824607, 0
-0.769319908494, 0.372548324909, 0
-0.148017773861, -0.443632733569, 0
-0.301594598153, -0.139210809766, 0
-0.684965466282, 0.0500159205056, 0
0.896120698928, -0.425633412302, 0
-0.448646401373, 0.26048508955, 0
-0.574344643064, -0.68192901884, 0
-0.00539568011097, -0.177894856207, 0
-0.00152656519183, -0.864944979102, 0
-0.764419484177, 0.212197467382, 0
-0.413644046495, 0.482294118909, 0
0.469116012695, 0.492408955277, 0
-0.801241422691, -0.314886270649, 0
0.0418295623233, 0.0213877396166, 0
-0.377396308211, -0.095385947295, 0
-0.293849495205, 0.0556954022442, 0
-0.12489413385, -0.830042703978, 0
0.0819639325465, -0.984227361409, 0
0.0775934123609, 0.00517523442778, 0
0.261366927011, 0.206487254005, 0
0.262060899728, 0.293582884557, 0
-0.216874176812, -0.00557342125117, 0
0.520362323447, -0.149396283915, 0
-0.230750552063, 0.693879492761, 0
0.405177869694, -0.912859579237, 0
-0.204713672378, 0.258968990876, 0
-0.748182469712, 0.609941055474, 0
0.693892542572, -0.0187472668544, 0
-0.372740945055, 0.171931751564, 0
-0.505926630149, 0.245506689073, 0
0.187937572368, 0.875896000802, 0
0.843002999347, 0.315618203781, 0
-0.884965207328, -0.0172897090718, 0
-0.379019401249, -0.143281722516, 0
0.150918527175, 0.292708875292, 0
-0.489673413915, -0.542655549821, 0
0.241821940417, -0.819554030739, 0
0.0691472585489, 0.823767762817, 0
-0.309106214612, -0.385398900227, 0
-0.213463920223, 0.241308044656, 0
0.135172662669, -0.421550471158, 0
-0.440059058795, 0.732581857481, 0
-0.320138632984, 0.205817195206, 0
0.316277420118, -0.251664161841, 0
0.498982405212, -0.805912731296, 0
0.459736740342, 0.475683370292, 0
-0.442223541311, -0.03349309484, 0
-0.0185626274498, -0.282162791232, 0
-0.18787021235, 0.42802931371, 0
-0.262425504867, -0.0644134373443, 0
-0.856616517723, 0.30402266417, 0
-0.401775385225, -0.882119488036, 0
0.10250531554, 0.784641704276, 0
-0.383418666006, -0.493933586504, 0
-0.216817804061, -0.553250465635, 0
0.177186673744, 0.89491299521, 0
0.245383393618, 0.624047199669, 0
-0.352678283106, -0.210543329318, 0
-0.170636916383, 0.294155278248, 0
0.50144912045, -0.550642724259, 0
0.476299475581, 0.669807633481, 0
-0.218907111215, 0.604968448785, 0
-0.391216958381, -0.868035551975, 0
0.0716975046041, 0.39318000221, 0
-0.444095093157, -0.241425757279, 0
0.545809338986, 0.540627237734, 0
0.753973591949, 0.312164677493, 0
0.572926278685, -0.600977267443, 0
0.195959070055, 0.668388729103, 0
-0.00965935281516, -0.147103049514, 0
-0.437851093062, -0.0988030548961, 0
-0.322986462489, -0.740907185182, 0
0.451477775868, 0.305768967597, 0
-0.818494191664, 0.0315023439997, 0
0.94938375187, 0.0461545065433, 0
-0.0150993300855, 0.609064640267, 0
0.0120655795093, 0.703965077523, 0
-0.762576285157, 0.617806437829, 0
0.366870559743, 0.199872668724, 0
0.11489628411, -0.369210493429, 0
-0.774118906778, 0.420214827206, 0
-0.238360043242, 0.168812861345, 0
0.605934509856, 0.227470133583, 0
-0.0499980716864, 0.443088942135, 0
-0.0854710104547, -0.037171918456, 0
-0.434722566604, 0.44169242743, 0
-0.0141805627712, 0.699701210037, 0
-0.112295097693, -0.730404352145, 0
0.252686644827, -0.877481147411, 0
-0.455327086133, -0.223339236819, 0
0.746028296942, 0.441910466416, 0
-0.63215794168, 0.732231292871, 0
0.24141478456, -0.732469723241, 0
0.982568270864, 0.110767617838, 0
0.0797818220058, 0.734887095926, 0
0.0522334180123, 0.219923909193, 0
0.471328308084, 0.582384719922, 0
0.786164422622, 0.306251065339, 0
0.129539913437, 0.00281496995132, 0
-0.776372016656, 0.475391520374, 0
-0.366779448639, 0.563575340982, 0
0.826988821568, 0.254595667351, 0
0.516415440814, 0.380928220907, 0
0.439529340885, -0.125538109901, 0
0.409316739839, 0.494654890071, 0
-0.490225711037, -0.313185076336, 0
-0.383446022133, 0.156609827812, 0
-0.359938437836, -0.103180589763, 0
0.46963967519, 0.0999304130134, 0
0.00570196384772, -0.989243028982, 0
-0.158430615752, -0.537973652275, 0
0.887681603412, 0.0109045879222, 0
-0.65396046856, -0.244495676457, 0
0.165633805225, -0.662152094967, 0
-0.593683232827, -0.550474827702, 0
-0.0935760447006, -0.245661195942, 0
-0.701746592362, -0.362847529413, 0
-0.52254852688, -0.139781809187, 0
-0.202432528647, 0.257558706879, 0
0.241154601525, 0.961536365, 0
0.145042597574, -0.841809494034, 0
0.504776531889, 0.455180662897, 0
-0.00999374621862, -0.389301984758, 0
0.597442148445, 0.000676005991507, 0
-0.179093930478, 0.960691612179, 0
-0.872425196784, -0.318664529347, 0
0.323757238171, -0.107328368856, 0
0.736606638171, -0.0587265293336, 0
-0.492188423968, 0.549956538272, 0
0.151953101931, -0.248583560053, 0
0.432527803514, 0.810733124283, 0
-0.514436227801, 0.563874751383, 0
-0.0935474501043, -0.880268344449, 0
-0.516367563309, 0.523427775221, 0
-0.849565550151, 0.237485737931, 0
-0.876916564771, -0.43696881421, 0
0.388376269955, -0.420113917403, 0
0.399657067023, 0.338892209598, 0
0.604817409787, 0.0578636462537, 0
-0.742757491276, 0.639937772092, 0
0.310553248739, -0.169415021834, 0
0.8274212501, -0.110028701097, 0
0.546317552813, 0.779189897085, 0
0.553489383147, -0.475768320449, 0
0.652446589905, 0.607393322341, 0
-0.533311807097, 0.304843819178, 0
-0.104646260006, -0.783819489879, 0
-0.514533642768, 0.225294000495, 0
-0.741470594963, -0.587334857909, 0
-0.77611409288, -0.0980838304032, 0
-0.659658091974, 0.255490093839, 0
-0.30705981172, 0.785532888132, 0
0.48296065994, 0.0488363917158, 0
-0.299669233101, -0.56734078839, 0
0.486570770707, 0.222938887736, 0
-0.107843989771, -0.038168653738, 0
0.208143695259, 0.845741515648, 0
-0.599326362706, -0.475605704859, 0
0.102167359056, -0.525765678412, 0
-0.121682407884, -0.600471614273, 0
-0.273097570324, 0.961457693145, 0
0.125838177113, 0.306110564673, 0
-0.898091467618, -0.331426257267, 0
-0.405038069039, -0.345295738762, 0
0.0363686745192, 0.0270508315257, 0
-0.41474555525, 0.3486233739, 0
0.734578447, -0.553736212985, 0
0.111359184027, 0.96905033063, 0
0.16041852326, 0.659249248374, 0
-0.302539129546, 0.734096986818, 0
0.435501929815, -0.50912350741, 0
0.0538110254834, -0.580494131225, 0
0.318039239518, -0.929165398268, 0
0.942393135907, -0.0635731738519, 0
-0.480643782552, 0.623702492228, 0
0.620296324732, -0.593183738762, 0
-0.0506795001259, -0.19212968745, 0
-0.0610891537381, -0.707798796533, 0
0.214475462118, -0.110785825826, 0
-0.488018572118, 0.610825511484, 0
0.0794535179229, 0.418177658252, 0
-0.275856401149, -0.66299074104, 0
-0.244885061179, -0.514024694449, 0
0.818058142632, -0.395967285626, 0
-0.0443730332862, 0.858586217863, 0
-0.692118242282, -0.277072957527, 0
0.33463032597, -0.750833205998, 0
-0.173332700134, -0.307403315847, 0
-0.202348719128, -0.45641884988, 0
-0.39792544527, 0.799478313558, 0
0.150723546584, -0.205486866359, 0
-0.753985240093, 0.232416137957, 0
0.156411170063, 0.2682631379, 0
-0.293111483242, 0.439591577193, 0
-0.124302014839, 0.322626998942, 0
0.483021437132, 0.632453210619, 0
0.42799920517, -0.237787852504, 0
-0.432815003778, -0.187365429032, 0
-0.490528577848, 0.23258606556, 0
-0.299209899397, 0.562321983326, 0
0.379630817097, -0.116125233017, 0
-0.552586098702, 0.61996630259, 0
0.802084841846, 0.22056347912, 0
0.881001147827, -0.448795662253, 0
-0.840844298124, 0.540042653243, 0
0.424142021351, -0.257731933174, 0
0.628241823456, 0.211208441539, 0
0.130655988726, -0.3826624484, 0
-0.0186129200327, -0.261900893422, 0
0.430015198103, -0.606544435386, 0
-0.396280132171, -0.626264495754, 0
-0.0618132211083, 0.951085163919, 0
0.502436029381, 0.500404627662, 0
-0.295746057133, -0.868155802026, 0
0.434531616014, 0.573022458778, 0
-0.17120439891, -0.68144557571, 0
-0.149417978133, 0.0120554936424, 0
0.16911219916, -0.759443317868, 0
-0.759727545203, 0.33791970748, 0
-0.380153958462, 0.719533635696, 0
0.604211548264, 0.583467140977, 0
-0.151927529645, 0.145281560322, 0
0.488248163192, 0.75352620131, 0
-0.280591849937, -0.91317915576, 0
0.0776926874195, 0.577216104941, 0
-0.127491686408, 0.961493504087, 0
-0.750563852492, 0.23794910447, 0
0.650191162055, -0.673002465637, 0
0.142512458579, 0.377404457686, 0
0.372062411242, 0.0772759900579, 0
0.26405048949, 0.343064167117, 0
-0.674871549422, 0.268620941992, 0
0.355548168029, -0.657333493632, 0
-0.278444950808, 0.467437590994, 0
-0.36130224273, -0.305794525047, 0
0.538129690227, -0.0209985745069, 0
-0.727111820026, -0.122135493112, 0
-0.116185491581, 0.501513497166, 0
-0.93852676312, 0.226987647038, 0
0.417153539775, 0.423704796651, 0
-0.183042052672, 0.44301729063, 0
-0.209128093372, 0.173327193431, 0
-0.591334942007, 0.409536594686, 0
0.475311273796, 0.433191685447, 0
0.502269098156, 0.111251528075, 0
-0.826886845637, -0.207909369581, 0
0.47676468205, -0.132116709593, 0
-0.992802765466, 0.0257479996103, 0
0.471588799625, -0.60441157755, 0
-0.390420836085, -0.769192077104, 0
0.264860145219, 0.439755644385, 0
-0.0686022071225, 0.615862054293, 0
-0.278068217299, 0.163078098516, 0
0.297812235337, -0.636534319256, 0
-0.39544213384, 0.771888070782, 0
-0.835566671916, -0.481662173483, 0
-0.208224108053, -0.0502601888095, 0
0.322012080222, 0.489229693562, 0
0.495480474366, 0.00175998240379, 0
-0.673112103195, 0.0506828811357, 0
0.275361618007, 0.253235965357, 0
-0.782742711305, 0.113620098287, 0
0.519304301601, 0.433947012431, 0
-8.68551924207e-05, 0.735643249942, 0
-0.0722405689577, 0.158616503102, 0
0.086777424919, 0.323438480449, 0
-0.0555442675007, -0.581516390757, 0
-0.610171431172, -0.262277667388, 0
-0.721787899169, -0.154685345647, 0
0.0280751401414, -0.503618170142, 0
-0.662206055973, 0.500601703392, 0
-0.678185633031, -0.440650462017, 0
0.126646743079, -0.549354696412, 0
0.257013978343, -0.829724638291, 0
-0.689700193995, -0.102054215436, 0
-0.526031858445, -0.634831435495, 0
-0.322940091884, 0.892710041893, 0
-0.62721931287, 0.216675875508, 0
0.201824626319, 0.111161920487, 0
0.0492593853447, 0.626849578153, 0
-0.725751903863, -0.289011716121, 0
0.0828013854333, -0.818296999831, 0
-0.231051222396, 0.718393875781, 0
0.381899365932, -0.392905014901, 0
-0.537168697522, -0.811074523371, 0
0.726828982209, 0.61835925721, 0
-0.339200353035, 0.51976742519, 0
-0.246082050519, -0.638048322382, 0
0.772599518898, -0.193084413916, 0
0.418921043055, -0.152384515672, 0
0.286181200615, -0.47292360077, 0
0.413285553146, -0.430234671027, 0
0.657233505828, -0.434447165517, 0
0.429088153795, -0.536209134992, 0
-0.501630363934, 0.752021410227, 0
-0.0450946672678, -0.97039584454, 0
-0.333889652476, -0.792382622634, 0
-0.455104323346, -0.763825476573, 0
-0.441617642177, -0.860090631005, 0
-0.494196812912, -0.2732879571, 0
0.312997709364, 0.843233151037, 0
0.789106636056, 0.35258792064, 0
0.817641228245, 0.0427721830788, 0
-0.425222167167, -0.406074754705, 0
-0.0913311817765, 0.59236140243, 0
0.826518524945, -0.164552619622, 0
-0.975612083109, 0.137665258715, 0
0.612437212617, -0.178952334019, 0
0.840849630233, -0.206704452475, 0
0.383700230062, 0.325653953225, 0
-0.55148644266, 0.709285548491, 0
-0.324005276375, -0.620980854114, 0
0.413165296934, 0.0707687156277, 0
0.378586469455, -0.40058286603, 0
-0.682280130271, 0.49966942974, 0
-0.505497927441, 0.348134226189, 0
0.784357805934, 0.0874601142028, 0
-0.0398795470804, -0.394986355347, 0
0.337498586105, -0.720003855996, 0
0.477093163795, -0.235462856806, 0
0.158456012336, 0.68948550222, 0
0.131971217937, -0.632820181457, 0
0.743790225964, -0.0415753808301, 0
-0.282852324788, 0.0780407368922, 0
-0.409021817012, -0.820538801287, 0
0.722045631873, 0.468933739064, 0
0.169347679067, 0.296612818612, 0
0.293545826744, 0.00313336095107, 0
0.948448183987, 0.0648069013278, 0
0.471200896274, -0.386602705834, 0
0.290294567169, -0.229638402372, 0
0.467431036642, 0.0917250285334, 0
0.498743797761, -0.770610318244, 0
-0.488178910108, -0.323011883876, 0
-0.540201633062, -0.770742155578, 0
-0.866528221107, 0.0531751232678, 0
-0.691290620521, 0.218068294852, 0
-0.0985861663116, 0.00232075031567, 0
-0.578992774932, -0.699650561728, 0
0.0809845960145, 0.429608667266, 0
-0.689151824004, -0.560202393093, 0
0.000964814594482, 0.520915533056, 0
0.184877844612, 0.0101669531303, 0
0.365296370992, 0.753104659252, 0
0.212525905258, 0.724229833444, 0
0.550977187312, 0.081026847943, 0
-0.320344346619, 0.410397981534, 0
0.752998783632, 0.608705010297, 0
0.277114182902, -0.382035862365, 0
-0.0433903414223, 0.753446057694, 0
-0.668893315005, -0.673010391937, 0
-0.1549706644, -0.107000342937, 0
0.36076212008, -0.0159874758852, 0
0.786909452881, 0.154859842292, 0
-0.0258823662782, 0.977024306784, 0
-0.96793319425, 0.178790793868, 0
0.431039650836, -0.204478729555, 0
-0.222673761369, -0.838394883196, 0
0.471379943415, -0.879049494123, 0
-0.38718887132, 0.220730006351, 0
-0.489226485769, -0.555673371747, 0
0.162060369976, -0.170228881997, 0
-0.26372565191, 0.134203430124, 0
0.188803109058, -0.833841234807, 0
0.195272346012, 0.0599502467368, 0
0.199224126843, 0.855673173285, 0
0.859644987443, 0.0491979588214, 0
-0.194420857255, 0.113001255236, 0
-0.736488725417, -0.13734590055, 0
-0.765735743357, 0.527618940705, 0
0.897657819453, -0.166025776925, 0
0.452411303725, 0.613213790127, 0
-0.263945596351, 0.209455216798, 0
-0.36912330716, 0.0459707707005, 0
-0.433394932038, 0.607826724745, 0
0.263042156398, -0.939909502461, 0
-0.835787532449, -0.130465727359, 0
0.810246753236, 0.070018613803, 0
0.718005678751, 0.619623602966, 0
0.375296385709, 0.102563057781, 0
0.101543895199, -0.920212139741, 0
0.798864992381, -0.231660209951, 0
0.577879470691, -0.42971424067, 0
0.595764072728, -0.38380297025, 0
-0.0553875108657, -0.885003698298, 0
0.126163952621, -0.86286075222, 0
0.328941631157, 0.816983235517, 0
-0.823805961424, 0.391361630922, 0
0.00346285886483, -0.740308933475, 0
0.0116413188526, 0.0325802839622, 0
-0.127582321261, -0.689562902432, 0
-0.317877266074, -0.489341092326, 0
-0.772960351637, -0.194198563993, 0
0.382084382603, -0.624747324994, 0
-0.0327532726026, 0.566396252384, 0
0.298545045766, -0.195557136806, 0
0.416303646551, -0.121934523276, 0
0.416144713646, -0.121881264338, 0
0.844027474748, -0.033355766343, 0
-0.533543067031, -0.61309506701, 0
0.472865429689, -0.497453556501, 0
-0.88658464695, -0.418799821486, 0
-0.182471575314, 0.438103434795, 0
-0.679312152769, -0.688599956676, 0
0.860736776164, 0.335482161396, 0
-0.411551548059, 0.205565767513, 0
0.615478098195, -0.548097034557, 0
0.340958158143, -0.0454914314516, 0
-0.207042194592, -0.2224577946, 0
0.473389915348, 0.354574312582, 0
0.0120357369102, 0.268066609933, 0
0.245238183638, -0.528902404274, 0
-0.550540799208, -0.214622140464, 0
-0.886144673195, 0.372091381883, 0
0.287959725561, -0.519131597685, 0
0.389625062743, 0.565738369365, 0
0.734815831334, 0.0773296135234, 0
-0.147501773715, 0.755317744521, 0
0.0663428966515, -0.156361187717, 0
-0.227628251776, -0.120997581295, 0
-0.315668417202, -0.181399509911, 0
-0.622647898097, -0.242314301477, 0
-0.774385614288, 0.303739111168, 0
0.784706547402, -0.374714205681, 0
-0.465414753847, 0.245837585217, 0
-0.314024016573, -0.405372804168, 0
0.268801913509, -0.030496542959, 0
0.165588903788, 0.0537870672894, 0
0.0536847884885, -0.49346773246, 0
0.217716301096, -0.563254251606, 0
-0.909127553604, -0.175152983084, 0
-0.15202972679, -0.405314079733, 0
0.627767625041, 0.0440323320931, 0
0.971784811026, -0.0288616783812, 0
0.591678652637, -0.653259569624, 0
-0.142183760891, 0.739243731942, 0
-0.00898091716563, 0.701466906393, 0
-0.435995629929, -0.584827792292, 0
-0.699455313761, 0.311443415681, 0
-0.588947335391, -0.398084931063, 0
-0.185329328923, 0.203353341327, 0
-0.859923760791, 0.504333107805, 0
0.432402244259, 0.229857138716, 0
-0.409498548647, 0.890490997939, 0
0.715135811221, -0.599147573544, 0
-0.162414298593, -0.470431908979, 0
0.409192772802, -0.395205423722, 0
-0.504700508104, -0.401620227061, 0
0.229261234758, -0.476879508873, 0
-0.321412533962, 0.478802490676, 0
-0.390172075931, 0.0667250885159, 0
0.474247288864, -0.689040612368, 0
0.0342505982186, -0.0250122235873, 0
-0.780841555165, -0.191271964488, 0
0.36259651676, -0.277090988046, 0
0.414132962462, -0.835467991202, 0
0.415086206443, -0.896876721845, 0
-0.419905944416, 0.405008625052, 0
0.279729787895, 0.418481589075, 0
-0.917294830281, 0.000983193809825, 0
-0.742708724544, 0.189978655243, 0
-0.567152100274, 0.173266691692, 0
0.194175698974, -0.658451503243, 0
-0.266696024142, -0.20934736524, 0
0.075085624585, -0.786748529094, 0
-0.452293605559, -0.377142756843, 0
0.589525740633, -0.227572859854, 0
0.698147054439, -0.629244877852, 0
-0.372033317256, -0.103861515677, 0
-0.749079597671, -0.148417370863, 0
0.93836352912, -0.197393293025, 0
0.861376765676, -0.206060538809, 0
0.229022138728, -0.074239521065, 0
0.442631151746, 0.502524802272, 0
-0.729048142443, -0.394182514902, 0
-0.749335676841, -0.535593130478, 0
-0.557172973783, -0.735727901493, 0
0.73994936932, -0.214557758564, 0
0.202730973049, 0.4922655626, 0
-0.643082109052, 0.531246258974, 0
-0.958180888248, -0.0901130818601, 0
-0.0188669029013, 0.488930371147, 0
0.249812395095, 0.721097735816, 0
0.709354809802, 0.476124482458, 0
0.398027385053, -0.573386464446, 0
0.586608019612, 0.638581441041, 0
0.587293039848, -0.0538847054345, 0
0.69107898252, -0.266332358069, 0
-0.582210371656, -0.775911920517, 0
-0.691304440493, 0.0929725891893, 0
-0.293622324242, -0.268256555019, 0
0.404175933716, -0.871232529081, 0
-0.424536128373, -0.292802410785, 0
-0.478682040574, -0.122974989848, 0
-0.224532262893, -0.380238507729, 0
0.182772728479, 0.622727761907, 0
-0.276521980723, -0.477276661468, 0
-0.0660906358564, 0.728290484279, 0
0.458622909034, 0.811598060231, 0
0.83402887952, 0.207006739265, 0
-0.182196617427, -0.695598513574, 0
-0.248446040367, -0.217741420238, 0
-0.191264556123, 0.206091881986, 0
-0.134788963311, -0.313246592527, 0
-0.358086834496, 0.32163627927, 0
0.159967205767, -0.793233091301, 0
-0.513328982985, -0.665690147891, 0
-0.557345561249, 0.649834482065, 0
-0.792124293281, -0.444766869727, 0
0.473404697504, 0.419191901395, 0
0.636268467651, -0.0038384094433, 0
0.635465296666, -0.548913239615, 0
-0.763999078517, -0.556933612318, 0
0.373500038209, 0.0705699332818, 0
-0.0732160282688, -0.564507499738, 0
0.433200799725, 0.369390693142, 0
-0.0701269341981, 0.793074295535, 0
-0.620892119837, -0.380101262845, 0
0.332414485271, -0.35027598405, 0
-0.0565831505873, -0.391180625638, 0
0.38370248482, 0.386252389682, 0
0.722806025321, 0.371981861476, 0
-0.455893735539, -0.583881712881, 0
-0.0440150635277, -0.172661541167, 0
0.605910836769, -0.743740890013, 0
-0.904814814708, 0.261454731234, 0
-0.0585821417786, -0.346941161942, 0
0.35176551968, -0.589918933674, 0
0.577962417321, 0.714415900264, 0
-0.0824232595509, 0.7339006068, 0
0.661280170817, -0.112937310046, 0
-0.49376939809, -0.497098414047, 0
-0.801886814796, 0.584030139009, 0
0.0271203540779, -0.785062651185, 0
0.249480481113, 0.699435495061, 0
0.789120621404, -0.124219821634, 0
0.179761968624, 0.472182086938, 0
0.0547401211665, -0.26469104054, 0
-0.167161075003, -0.32798541402, 0
-0.485539554616, -0.321855666878, 0
-0.0531634911063, -0.161281649727, 0
0.112515064071, 0.843198632322, 0
-0.526770435415, -0.135950664289, 0
0.810931410851, 0.420553069817, 0
-0.0293397169304, 0.25515962625, 0
0.348059769507, 0.058157443619, 0
-0.0782674954258, -0.694532708121, 0
0.463307353873, 0.343169481386, 0
-0.209931644541, -0.909385561133, 0
0.803904089704, 0.195222470546, 0
-0.876647872989, -0.264019202511, 0
-0.726868467683, 0.0697429956758, 0
-0.110895085242, -0.504902931621, 0
-0.343732050921, 0.924545328277, 0
0.930969722485, -0.329587557401, 0
0.304493549031, 0.0582298007451, 0
0.173430234959, 0.443698774729, 0
0.264422743428, 0.520134662802, 0
0.791329420185, 0.580181061115, 0
-0.429157442464, 0.155805752471, 0
-0.0634232470781, -0.541581222001, 0
-0.475089182121, 0.842888183912, 0
-0.476634509907, 0.429634785462, 0
-0.44204322592, -0.2558568084, 0
-0.590917557102, -0.483935717476, 0
0.126447119082, -0.57934938344, 0
-0.623224897765, -0.742649141069, 0
0.644380029689, -0.507562744587, 0
-0.630055852917, 0.052839992432, 0
0.154198004066, -0.112720661518, 0
-0.481767279563, -0.180207427802, 0
-0.613760021031, -0.429825607227, 0
0.425554903383, 0.397954321864, 0
-0.313165248712, 0.605312409685, 0
0.0121334138266, -0.800149039164, 0
0.516766734828, -0.308819005778, 0
-0.133972909349, -0.587823058914, 0
0.0710079077231, 0.86123962774, 0
-0.194503062961, 0.0452314271012, 0
0.980377239437, 0.16754686168, 0
0.386117321374, -0.467895977089, 0
-0.224726825073, 0.832015846762, 0
0.236813673209, 0.649257947192, 0
0.623722600938, 0.485408275704, 0
-0.300076655282, -0.144350299238, 0
-0.580627425755, -0.260964756265, 0
0.111686355667, -0.269691336228, 0
0.132046192504, -0.036777719581, 0
0.417571503422, 0.536785429215, 0
0.929789408261, -0.150136473282, 0
-0.421941865817, 0.668284939625, 0
0.283148327566, 0.587159840604, 0
0.690022951036, 0.722063668106, 0
-0.0680155298799, -0.235146648629, 0
-0.0505239931359, 0.614907706345, 0
0.14507380653, 0.232952299554, 0
0.203978785468, 0.873888578431, 0
0.23874284448, 0.940905749502, 0
-0.380611593025, -0.192032245297, 0
0.680036914451, -0.73078004192, 0
-0.83385508698, 0.496259252027, 0
0.720006206425, -0.404689793497, 0
-0.286612583586, -0.380513624342, 0
-0.578457895686, 0.18254573702, 0
-0.803637814671, 0.385710171196, 0
0.525910526548, 0.250906763327, 0
-0.429172581307, 0.301134037867, 0
-0.983309028746, 0.103542834565, 0
0.346934260422, 0.489325605001, 0
0.147746841645, 0.323392127537, 0
0.437856056717, 0.00404317492188, 0
-0.0541873025374, -0.321795407487, 0
-0.81862498247, -0.442214940213, 0
0.407745384111, -0.43978110881, 0
-0.361142821993, 0.172994716298, 0
-0.13271040178, -0.499715939954, 0
-0.404405178846, 0.114736159309, 0
-0.305263579345, -0.806157898638, 0
-0.531017096015, 0.0901194092588, 0
0.413017876452, -0.256384484561, 0
0.684795864506, -0.412140712755, 0
0.764958227368, -0.131806707658, 0
0.877173087249, 0.379981966772, 0
0.263607566591, 0.805025216457, 0
-0.614917281171, -0.77615797836, 0
-0.809240076179, 0.266720710671, 0
0.337045429641, -0.0133214692135, 0
-0.559827735069, 0.362639220253, 0
0.179257273488, 0.761419679677, 0
-0.181777411478, -0.378297147381, 0
-0.636950265017, -0.257756116123, 0
-0.316667685084, -0.488271755868, 0
-0.855825845628, -0.382573624704, 0
-0.833864401551, -0.543459043716, 0
-0.83503301046, 0.114986138132, 0
-0.331983435151, -0.246286688389, 0
-0.00987768887535, 0.523193690519, 0
-0.137264979188, -0.0382901608402, 0
-0.122830396503, -0.729372284856, 0
4.78014076577e-05, 0.28369904636, 0
0.333564233072, -0.772152864567, 0
0.450913252593, -0.889733214043, 0
-0.743005511194, 0.575622580278, 0
-0.120583280593, 0.618055824579, 0
-0.509434419775, -0.0717696124843, 0
0.483828642005, -0.559251576891, 0
0.737267689968, 0.485874011074, 0
-0.730353264539, -0.025323432262, 0
-0.875516947493, 0.24384370563, 0
0.340626057022, 0.659460680794, 0
-0.6620566544, -0.300118138285, 0
0.15649696679, 0.279160633756, 0
-0.183890777001, -0.743481828252, 0
0.951451572666, -0.179992997524, 0
-0.0396139299943, -0.820375153725, 0
-0.759773949462, -0.494500307321, 0
-0.428074558401, -0.182005102935, 0
0.98041398508, 0.0335930639028, 0
-0.672083756601, 0.726031964422, 0
0.0965663926404, 0.148491974988, 0
-0.59107356436, -0.390236430048, 0
0.148418790208, -0.786803549662, 0
0.307981287998, -0.417358201837, 0
0.807022818163, -0.036752466034, 0
-0.0535228719236, -0.882122443988, 0
0.114835441505, -0.571647236792, 0
0.502394576767, 0.012519739972, 0
-0.681006483994, -0.357842020198, 0
-0.75018258245, 0.645782633359, 0
0.663178720905, -0.334516304691, 0
0.492663716968, -0.336003393693, 0
0.188816172799, -0.0312528610874, 0
-0.0273335087912, -0.135369938374, 0
-0.0261932206381, -0.306216842399, 0
-0.375835723882, 0.19092825933, 0
-0.908163369816, 0.410644756332, 0
0.746063367392, 0.135992282403, 0
-0.178478877466, -0.451916326358, 0
-0.135569549261, 0.305838477408, 0
-0.527643443622, 0.617104755336, 0
0.938771624396, 0.137892532932, 0
0.70208225231, -0.151399610657, 0
-0.327455212198, 0.856813910316, 0
-0.262179939881, -0.692648405909, 0
-0.243429576311, -0.423756035197, 0
0.464190938351, 0.296345053092, 0
0.506441677033, 0.449466275417, 0
0.507107910415, 0.0654093238763, 0
-0.0320690626417, -0.636710375699, 0
0.317638531045, 0.104589994758, 0
0.0679318039719, -0.148989123082, 0
-0.135276401323, -0.990218133218, 0
0.972973395925, -0.0350265292679, 0
0.343827548755, -0.298854681939, 0
0.28386251041, -0.0246198390762, 0
-0.675207094253, 0.539480147875, 0
0.223440333811, 0.264477939421, 0
-0.906862578041, 0.103946818609, 0
0.54416272961, -0.230072753369, 0
-0.727127718858, -0.360343836409, 0
0.160820444713, 0.927323235009, 0
0.216353340399, -0.925426509051, 0
-0.471497342071, 0.550946818077, 0
-0.10897274094, -0.467189489502, 0
-0.614905214311, -0.230816483645, 0
0.510472736667, 0.38899817139, 0
-0.446178999199, 0.79448489283, 0
-0.379916327129, -0.573244068761, 0
-0.33432456928, -0.118883938582, 0
-0.775758900922, -0.504687305969, 0
-0.235943085473, 0.929733760655, 0
0.877145175234, 0.07759270416, 0
-0.11464378883, -0.864271717826, 0
0.310480946986, -0.425811365405, 0
0.428791190868, 0.351436367882, 0
0.202625711141, 0.952833388158, 0
-0.117741505, -0.831453407425, 0
-0.634860121774, -0.685562904783, 0
0.275492985287, -0.362976022419, 0
-0.560909599883, -0.800058375548, 0
0.197934343777, -0.805706049827, 0
-0.899211403197, -0.0454582305777, 0
-0.177196431969, 0.68783017086, 0
0.572571504156, -0.0187086348144, 0
-0.516693200814, 0.15446185073, 0
-0.39849228889, -0.485512326109, 0
-0.00653790317822, 0.248066605265, 0
-0.533078606104, -0.0317567018072, 0
-0.304627714654, -0.285790833481, 0
-0.430978240063, 0.753419365388, 0
-0.791116039689, -0.522610839945, 0
0.342839845322, 0.310110881026, 0
-0.474081395105, 0.80648306586, 0
-0.1980871495, 0.549839526957, 0
0.197252321632, 0.580867632431, 0
-0.615014693375, -0.154689574869, 0
-0.17862220003, -0.473401547568, 0
0.281741614898, -0.102794468465, 0
0.172491136176, -0.474069396259, 0
-0.221225943441, 0.721754880886, 0
0.131329050105, -0.598568237725, 0
-0.104005267596, 0.382770147701, 0
-0.801857180554, 0.110051968944, 0
0.0429436864795, -0.0679479585466, 0
0.812446527605, 0.559933329283, 0
0.453870506148, -0.51720935157, 0
-0.257496884269, -0.0137385450952, 0
0.500820014066, 0.641503323794, 0
-0.56654394188, -0.0132427100019, 0
-0.592773797846, 0.0276927024771, 0
-0.431242669797, -0.852632244488, 0
0.46250333292, -0.175579799314, 0
-0.689419357096, 0.42767952043, 0
0.313711782548, 0.207364971735, 0
0.378244067816, -0.290600285921, 0
0.404025413524, 0.0566572485801, 0
0.059979882764, -0.920769329315, 0
-0.552520742262, 0.25226302877, 0
0.513176269716, -0.526162764932, 0
-0.296872451318, 0.581138270493, 0
-0.103458753014, 0.359791997658, 0
-0.0592589772814, -0.393259664733, 0
-0.336730602324, -0.572378362543, 0
-0.311820429984, 0.716676029635, 0
0.311914446973, -0.457019579852, 0
0.11600816269, 0.689897213283, 0
0.154219372428, 0.777985556108, 0
-0.166156408692, -0.0190176330037, 0
-0.372838241711, -0.770833836719, 0
0.763259784017, 0.214923497084, 0
-0.114288322179, -0.355211453105, 0
-0.600039657453, -0.701617980066, 0
0.102086504792, 0.590541108448, 0
-0.0128899720198, -0.677165836964, 0
0.628120279161, -0.677418650199, 0
0.35063672098, 0.735276936601, 0
0.957506307546, 0.00746298649998, 0
-0.247421071608, -0.798766803446, 0
0.220124936009, -0.183565059934, 0
0.570491881961, 0.753458823369, 0
-0.267336354031, -0.926345105293, 0
-0.825496929209, -0.332278678377, 0
0.654512958215, 0.483515459521, 0
-0.797253305367, 0.0749351080095, 0
-0.288286852122, 0.603807956648, 0
-0.775747695872, -0.253263511126, 0
0.449102784706, -0.518022269869, 0
-0.525145621542, 0.66538667059, 0
0.960642985205, 0.221052857426, 0
0.106852696347, 0.246302691776, 0
0.190021242775, -0.193048918237, 0
-0.188822550291, -0.461192802098, 0
0.487158007422, -0.654023343703, 0
-0.675899195026, -0.509281507126, 0
0.845189391076, 0.216062153397, 0
-0.0629890772371, -0.0297593746489, 0
-0.265078764097, -0.113651154108, 0
0.727640467756, 0.65687861251, 0
-0.684583127763, -0.00113224616893, 0
-0.685106192595, -0.503818191234, 0
-0.786763792137, 0.612412162503, 0
0.718404065731, -0.273433109763, 0
0.615033253331, -0.095749240825, 0
-0.308466450023, -0.60613748536, 0
0.479749784995, 0.126247234147, 0
-0.546543504424, 0.406367070626, 0
0.153937874889, -0.37368598584, 0
-0.274535515874, 0.935959097281, 0
-0.773795017158, -0.0757689608614, 0
0.836554530588, -0.0834042519069, 0
0.0656677024519, -0.234436057363, 0
0.684562008946, -0.086669643212, 0
-0.108029737275, -0.303468942362, 0
-0.931869037032, 0.344594366077, 0
0.454805424933, -0.534889880738, 0
-0.424734342354, 0.181249764311, 0
-0.0324744710043, -0.052812949437, 0
-0.810276157211, -0.0493573719872, 0
-0.662863853261, 0.400563448953, 0
0.244508562008, -0.225418587835, 0
0.617672261284, -0.32425072344, 0
0.221474473752, 0.556826010445, 0
-0.832478624583, 0.15542588881, 0
0.489833408677, 0.324648242086, 0
0.599472733771, 0.075826788187, 0
-0.0240252167429, -0.713516428505, 0
-0.412865776735, 0.604272038196, 0
0.350024825801, 0.401924958931, 0
0.780516645673, 0.164427626057, 0
0.757167348622, -0.228017455798, 0
0.0473271953859, -0.568184760602, 0
-0.068030687612, -0.615592384556, 0
-0.377387163579, -0.452562394225, 0
0.49987756204, 0.0587735591096, 0
-0.394073028853, 0.642084482431, 0
-0.0648371330184, -0.376557832693, 0
0.698916101211, -0.32108591575, 0
-0.0941944629244, -0.160347498948, 0
0.633215905845, -0.504773154393, 0
0.683550621936, -0.311523073761, 0
-0.318743015534, 0.749340840764, 0
0.649980637095, 0.368017151524, 0
0.192082033578, -0.695231392596, 0
0.585573855912, -0.18333664607, 0
0.219306232766, 0.0884666309078, 0
-0.223998541791, 0.651838942539, 0
-0.222983284516, -0.622230562618, 0
0.683681563094, 0.408093132425, 0
0.0710494547616, 0.844288684934, 0
0.000356972924224, 0.0152768580627, 0
-0.0566584899249, -0.758898578231, 0
0.511242716742, 0.756969124621, 0
-0.32570709829, -0.583092579511, 0
0.769745539332, 0.0723297480856, 0
-0.610045483131, 0.229042028086, 0
0.428473432296, 0.235538587302, 0
0.74993649241, -0.271892933818, 0
0.834395787415, 0.216643320624, 0
0.812250742619, 0.323746811419, 0
-0.603250051247, 0.675560039388, 0
0.537469453073, -0.592061178362, 0
0.634101831237, 0.268771147021, 0
0.131908142806, 0.81816119584, 0
0.143510881961, -0.417119956659, 0
-0.954640212899, 0.0156158567865, 0
0.287463607394, 0.263110433973, 0
0.9189262738, 0.212452096233, 0
-0.69566933532, -0.635105934722, 0
0.0236462171176, -0.671577667417, 0
-0.648168473287, -0.208303794336, 0
0.441499741837, 0.334614857764, 0
-0.681511001733, -0.602861060837, 0
0.118538541197, -0.705695210701, 0
0.688661600459, 0.409009886262, 0
-0.564596688788, 0.0634490382624, 0
0.90516590807, -0.414832312546, 0
-0.136292184019, -0.496120259434, 0
0.644058154455, 0.259688276136, 0
0.780698874083, 0.0124778068621, 0
-0.695804577562, 0.0609410879817, 0
-0.660117223829, 0.20216865927, 0
-0.0962511149019, 0.970538436172, 0
0.936314313984, -0.136777184714, 0
-0.441866964266, -0.210954474672, 0
0.91506378967, 0.28366532413, 0
0.560936517629, 0.614997124984, 0
0.591503601495, -0.708888882822, 0
-0.776910040651, 0.178344238705, 0
-0.623053986109, -0.211241662877, 0
-0.530939414439, 0.535454780516, 0
-0.0549967906595, -0.554398064392, 0
0.951769262537, -0.144178476028, 0
-0.13559164473, 0.558902233791, 0
-0.194571328548, 0.759665832357, 0
0.372468372709, 0.688474524792, 0
0.303605139234, 0.894964960523, 0
0.592904742738, -0.105486439081, 0
0.0112376715454, -0.726046498246, 0
0.012078357581, 0.726117695573, 0
-0.50918634406, 0.610741816239, 0
0.558369640272, -0.488506563472, 0
-0.0242494836097, -0.723982218739, 0
-0.458877191093, 0.0835657123232, 0
0.754579685633, 0.180997290059, 0
-0.0161762056531, 0.837530693543, 0
-0.0067130297106, 0.153400590826, 0
0.500275411828, 0.0117571763668, 0
0.677023692023, -0.11696726595, 0
0.230474668796, -0.345817446744, 0
0.282946516964, 0.410682594168, 0
0.601374929068, -0.515452152849, 0
-0.818108317319, -0.163449558087, 0
0.0391291788831, 0.648707142395, 0
-0.0898841907516, -0.760819367371, 0
0.558459497582, -0.232196820864, 0
-0.748607118011, 0.118868788771, 0
-0.723210884497, 0.683314723543, 0
-0.0855108858805, 0.874418236109, 0
0.117261147136, -0.869125745156, 0
-0.497031326569, -0.33056109701, 0
-0.00452149556705, 0.431338073243, 0
0.365998470852, -0.867975705525, 0
-0.196237954312, 0.0993581994261, 0
