-0.0636162156283, 0.623131311033, 0
-0.786829459762, 0.959746526727, 0
0.218838028735, 0.0877315589278, 0
-0.635258161693, 0.680871302019, 0
-0.15643777555, 0.322828890531, 0
-0.599817502737, 0.788988925791, 0
-0.103610784505, -0.803795520748, 0
-0.117848814189, -0.0161720316017, 0
0.120814221508, -0.568813528119, 0
-0.175302006114, 0.276080291596, 0
0.00405895689848, -0.482948819635, 0
0.796593490873, 0.846659668751, 0
-0.0648417121623, -0.7628249011, 0
0.127437691073, -0.259324180455, 0
-0.0753882335899, -0.292363867914, 0
-0.040297272807, 0.999216151492, 0
0.706113891217, 0.722188364289, 0
-0.891464915495, 0.677459747981, 0
-0.417644554587, 0.620092557927, 0
-0.336172350089, 0.741001956843, 0
0.900144424354, 0.899504499027, 0
0.229706052226, -0.689477449771, 0
0.146925275062, -0.890942793632, 0
-0.625691963062, 0.851844014055, 0
0.348856676135, 0.959800088623, 0
-0.0495275096307, 0.284231059692, 0
0.386619666165, 0.747996258459, 0
0.262342251233, 0.724194222961, 0
0.133332248354, -0.731945982223, 0
-0.145257889368, -0.964190621873, 0
0.929174111947, 0.671832327106, 0
-0.620980886312, 0.938503060742, 0
-0.00484763698126, -0.436846935614, 0
-0.427450451078, 0.688421224183, 0
0.712363014464, 0.664674112143, 0
-0.722736298479, 0.581136022477, 0
-0.02413718019, -0.0425616212897, 0
0.198786356428, 0.00943214929372, 0
0.190808744299, -0.340093060963, 0
-0.362455462128, 0.679121624708, 0
-0.133660019543, -0.761255427938, 0
0.86706073748, 0.857271386307, 0
-0.15157495625, -0.0723070174839, 0
-0.197489304786, -0.806720957004, 0
-0.0298604412911, -0.84940939124, 0
0.669217802426, 0.589150515457, 0
0.138263339008, -0.0459673601643, 0
-0.0857032505051, 0.119203001197, 0
-0.749741690788, 0.602936530964, 0
0.00459100901443, -0.361745820751, 0
0.358421366026, 0.547211120126, 0
-0.677366528955, 0.81008818002, 0
-0.859658188461, 0.677116227794, 0
0.382073675145, 0.897525129071, 0
-0.873186101102, 0.510723751601, 0
-0.888245611372, 0.820417451002, 0
0.303066944666, 0.767500641295, 0
0.854947525539, 0.96474311205, 0
0.0227441000662, -0.841754089196, 0
-0.49771890508, 0.617391035659, 0
0.917104600159, 0.505046867787, 0
0.286250775761, 0.508135909033, 0
-0.622653402982, 0.618065724529, 0
0.0658498431268, 0.480181264785, 0
-0.833396219208, 0.519974514701, 0
0.386227295481, 0.891426466513, 0
-0.0244584669667, -0.323447306762, 0
0.929484834508, 0.596697546325, 0
0.0638224337848, 0.115406190258, 0
0.0477049955923, -0.153920836981, 0
-0.171734702001, -0.864535354647, 0
-0.983824771449, 0.818669529808, 0
0.21406815903, -0.991214426406, 0
-0.227316563895, 0.447967079856, 0
-0.344850558652, 0.991595797215, 0
0.182106823143, 0.849554788262, 0
0.048128956686, -0.0792639283458, 0
-0.177071571475, 0.104943959098, 0
0.86302430897, 0.956486035336, 0
0.182613580144, 0.708162451842, 0
0.85847575606, 0.536124282578, 0
-0.00642457083862, 0.0601340514857, 0
0.278561300939, 0.988853621044, 0
-0.40919793629, 0.769077324463, 0
0.90963715856, 0.743355703242, 0
0.827951076951, 0.817189461497, 0
-0.0211132328314, -0.0144101837113, 0
0.524191515175, 0.561920321566, 0
0.137666562831, 0.832973453434, 0
-0.470498185185, 0.51946291045, 0
0.168380419078, 0.479479910701, 0
-0.42724372399, 0.950281823976, 0
-0.883166580619, 0.551655311545, 0
0.0628271146303, -0.968021545271, 0
0.0446316847743, 0.407046758517, 0
-0.236732258557, 0.162238912715, 0
0.54764511903, 0.615276890669, 0
-0.546787494438, 0.747801708903, 0
-0.23073950805, -0.260516136306, 0
-0.0852988978534, 0.958565964962, 0
-0.970610522684, 0.754600621075, 0
0.0213456276339, 0.885947503349, 0
-0.0740017348314, -0.611793503311, 0
0.309565374602, 0.584993103234, 0
0.233452820048, -0.0640521826286, 0
-0.665038452789, 0.58914053002, 0
0.708250496775, 0.764934069005, 0
-0.417131396945, 0.533264201789, 0
0.082527958663, -0.585483759422, 0
0.679227981946, 0.868134094693, 0
0.0552819755029, 0.325243683456, 0
-0.721958152928, 0.62054487939, 0
-0.0797731388228, 0.0309323653579, 0
-0.0892278541474, 0.627662888604, 0
0.637014451325, 0.772768424223, 0
0.45769708896, 0.54169053773, 0
0.564102694226, 0.736188012492, 0
0.2187018438, 0.796178503752, 0
0.786385657154, 0.585101160094, 0
-0.736731106386, 0.582379130098, 0
-0.159738985834, 0.672929213246, 0
-0.290146577793, 0.606299245891, 0
0.0608787289087, -0.585786376786, 0
-0.1931285161, 0.215262158915, 0
-0.159415712991, 0.623868160923, 0
0.00202207788303, 0.811482893365, 0
0.353948105804, 0.905598519154, 0
-0.208356176067, 0.810322243771, 0
-0.087399842907, -0.470198252529, 0
-0.13305145193, 0.376709977424, 0
-0.216629748089, 0.67197955755, 0
0.0440803898785, 0.131215921875, 0
0.902579385354, 0.594286867718, 0
0.73649378793, 0.888506063816, 0
-0.0331019152297, 0.195654107888, 0
-0.0585229728592, -0.453314931705, 0
0.247817944102, -0.235659557751, 0
-0.342071654234, 0.673836751569, 0
-0.0876075674342, 0.690055529708, 0
0.150361047608, 0.89640684721, 0
-0.165806037411, -0.286148235549, 0
-0.156846588932, -0.167296776165, 0
0.0227448833255, -0.981637757939, 0
0.22796077477, -0.54781707974, 0
-0.764632940601, 0.854850906703, 0
-0.0616765880719, 0.605484622855, 0
-0.905064946212, 0.907100243421, 0
-0.17615394171, 0.244046482331, 0
0.552347485196, 0.956826225895, 0
-0.153343766975, -0.119237933452, 0
-0.107357423099, -0.313981137145, 0
0.391997375782, 0.696092344208, 0
-0.124896808204, 0.684782841455, 0
0.672023893792, 0.503938746649, 0
0.455401778685, 0.617468842907, 0
-0.417331349798, 0.520970023409, 0
-0.591488839965, 0.626870162739, 0
0.369595282555, 0.540337730567, 0
-0.124908476874, -0.363275497387, 0
-0.134847360962, -0.391967835335, 0
0.191554698825, 0.373543993833, 0
0.516803900738, 0.553124554384, 0
0.247897221677, -0.335731979235, 0
0.773998642555, 0.672585236782, 0
-0.084769229969, -0.624558192991, 0
0.485684379519, 0.822638751131, 0
0.57171881602, 0.897522881821, 0
-0.40058933446, 0.957694856124, 0
-0.603743728228, 0.872360857738, 0
-0.0634525931015, 0.514022980081, 0
0.16499697583, -0.125309640108, 0
-0.15757744745, -0.620846079498, 0
0.0772057559381, -0.702288786209, 0
-0.96865726285, 0.918075649838, 0
-0.0355705069406, 0.176080378943, 0
-0.104510261532, 0.30169385319, 0
0.0363347712238, -0.911774038275, 0
0.199966138648, 0.538946407751, 0
-0.18133446296, -0.375501062481, 0
0.0656325539458, -0.579488264374, 0
-0.19756178388, 0.21642963898, 0
-0.0746639918084, -0.00589373906166, 0
-0.512292823633, 0.641348675899, 0
0.134142891543, -0.302523618019, 0
0.217460244517, 0.175763150762, 0
0.166920857542, -0.0447894886855, 0
0.933751828766, 0.979199158374, 0
0.234284674841, 0.154700849411, 0
0.53086301854, 0.939070374061, 0
0.0166739863249, -0.119592174527, 0
-0.226380523882, -0.0506793183643, 0
-0.148147239793, 0.481112938409, 0
0.304436265351, 0.942756483015, 0
0.862086744101, 0.541864253898, 0
-0.273736515024, 0.805340543704, 0
0.36512284238, 0.991908344335, 0
-0.178843756741, 0.896150945704, 0
0.930668680703, 0.703711076167, 0
-0.131833498734, 0.748389977581, 0
-0.826722418461, 0.603538899252, 0
-0.137839674676, 0.322459581521, 0
-0.0903319823188, 0.359349956287, 0
0.0568867931629, -0.675415042851, 0
-0.144115360141, -0.699053475255, 0
-0.499362935296, 0.965760081259, 0
0.0116447884473, -0.606087050091, 0
0.771669114338, 0.932518182435, 0
0.617638829496, 0.858025001404, 0
0.206218081448, 0.746440307117, 0
-0.352458719958, 0.565946470551, 0
0.0626543776801, 0.820477019952, 0
0.280325134361, 0.759625079688, 0
0.19253332518, -0.286147268873, 0
0.663186546089, 0.975072027688, 0
0.747628849306, 0.941552877504, 0
0.293040201349, 0.527039447562, 0
0.147266026716, 0.498624068003, 0
-0.939939926375, 0.555385380577, 0
0.221729466286, 0.519374640949, 0
0.0936827937055, -0.246409907617, 0
0.402176718618, 0.889708548648, 0
-0.0981652843062, 0.059355752147, 0
-0.116199057298, -0.950140843688, 0
-0.734537724243, 0.70865195379, 0
-0.808181069278, 0.52873201078, 0
0.900716388729, 0.692744926997, 0
-0.179681786338, 0.208379818534, 0
-0.451431946844, 0.857505694684, 0
0.167024379277, -0.917365529454, 0
0.484035955497, 0.603456281146, 0
-0.248460729306, 0.699669552223, 0
-0.0132887734496, -0.295146709902, 0
-0.00782495664353, -0.928416786323, 0
-0.029448685983, -0.418349673289, 0
-0.857927175411, 0.966095594228, 0
-0.123924275564, 0.826897692913, 0
0.735284084696, 0.731199663397, 0
0.0530257007171, -0.206575479982, 0
-0.0638213219886, 0.0480183547788, 0
0.0163329701621, -0.550493363653, 0
-0.853253038696, 0.73611399231, 0
-0.238313255554, -0.436897637197, 0
-0.112593920517, 0.747717261017, 0
-0.490404764123, 0.738288624204, 0
0.211303876744, -0.217472697998, 0
-0.178058472105, 0.579820966841, 0
-0.188629030125, 0.233238104638, 0
0.614693096587, 0.9747828425, 0
0.475839987875, 0.617455287058, 0
0.1044704891, 0.570221064445, 0
-0.648620818268, 0.570827750705, 0
0.609193094336, 0.790654033067, 0
0.12543694657, -0.442930637184, 0
0.441018650612, 0.688455761146, 0
0.239584671998, 0.321010522291, 0
0.167143445423, 0.249496418383, 0
0.0896209510746, -0.48269128859, 0
-0.207785193456, 0.47952310509, 0
-0.719090009969, 0.863640737799, 0
-0.421700106188, 0.759291861582, 0
-0.626995562519, 0.587565444207, 0
0.173136464018, 0.108990495014, 0
0.497179695748, 0.814627298193, 0
-0.233648945544, -0.412389719829, 0
-0.934184873653, 0.973057406571, 0
0.924902748276, 0.739795306786, 0
-0.499534484584, 0.635002908982, 0
-0.158128116108, -0.523122764101, 0
0.0288723883768, 0.272675751878, 0
0.0965924776089, -0.453623890713, 0
0.346637886343, 0.956257751946, 0
-0.24007215828, -0.958294804084, 0
0.853353257728, 0.54411021872, 0
0.669074260915, 0.740523895764, 0
0.709556424728, 0.667608249236, 0
-0.194825897124, -0.756185379437, 0
-0.104039937094, -0.0778937741271, 0
0.0814092624609, -0.867065709823, 0
0.11182799503, 0.665206637949, 0
0.0309684786513, -0.235221331693, 0
-0.400043476165, 0.664969866004, 0
0.216959282357, 0.787598341962, 0
0.42411679431, 0.793433462528, 0
0.554307008735, 0.636765691756, 0
0.331082354523, 0.722370158298, 0
-0.1625307963, 0.328709750344, 0
-0.239666868671, 0.724296881046, 0
0.226997220197, 0.233700103002, 0
-0.0954363340703, -0.00179400727145, 0
0.106672437036, 0.0474387875594, 0
-0.57823283181, 0.542495540926, 0
0.0942018421801, -0.540380413289, 0
-0.053408162507, -0.994742613708, 0
0.384036532098, 0.821772508165, 0
0.482422870992, 0.998039576172, 0
0.103534025519, 0.658563158995, 0
-0.195115554277, 0.897779683097, 0
0.433563489598, 0.753919336471, 0
0.259342351793, 0.647465511044, 0
-0.956901787591, 0.519732663475, 0
-0.0917509304797, -0.497612412352, 0
-0.0748105808877, 0.689857920556, 0
0.28866045679, 0.725086213945, 0
-0.180639482689, -0.0890668374974, 0
0.753122436937, 0.534224666259, 0
-0.33650916271, 0.866494820256, 0
-0.233442938647, 0.902296811406, 0
0.951373903066, 0.527016332597, 0
0.812629882586, 0.526593803002, 0
0.256173529639, 0.536991347512, 0
0.11940716996, -0.807996292477, 0
-0.218082723555, -0.614600539017, 0
-0.881672381889, 0.847516885239, 0
0.208863299679, -0.278659746162, 0
0.44912943308, 0.597158658821, 0
0.051880071179, 0.282896484081, 0
-0.181791890815, -0.204509720365, 0
0.247592547148, 0.0106561868825, 0
0.137869275849, 0.751207082941, 0
-0.116220517381, 0.697976261859, 0
-0.179517947084, 0.193089922236, 0
-0.405125920132, 0.741013042437, 0
-0.893044198806, 0.935862443695, 0
-0.0587788842772, -0.51720907751, 0
-0.235782010136, -0.995693892441, 0
-0.793071093331, 0.605618017414, 0
0.444283075864, 0.602087010059, 0
-0.844580057636, 0.671337376455, 0
0.138083818644, 0.584834361079, 0
0.249197049058, -0.854673820986, 0
0.48356976709, 0.87975954785, 0
0.0748955636618, 0.18154665627, 0
0.236093507044, -0.0346329927575, 0
0.201245473091, -0.849734441179, 0
-0.790550197276, 0.838670850065, 0
-0.102828940292, 0.737446496387, 0
0.201607117974, -0.61169844781, 0
0.984468841374, 0.571830611113, 0
0.248768581416, 0.1947088252, 0
0.0963221664379, -0.450078331397, 0
0.221578397938, -0.389445448444, 0
0.102753150858, 0.711882368857, 0
0.0429739609512, -0.302337828843, 0
-0.211519133898, -0.304535033862, 0
0.133230636721, -0.0667674627882, 0
0.0537539498222, -0.743105391518, 0
-0.182343332743, 0.460469856127, 0
0.542917328605, 0.81443840357, 0
-0.611650798243, 0.619707693236, 0
-0.636340891175, 0.662293764049, 0
0.812679126175, 0.924057190771, 0
-0.584135354939, 0.912615243274, 0
-0.0376088484116, -0.709028997563, 0
0.705434254817, 0.523590071042, 0
-0.0142940525774, 0.879499360519, 0
-0.821587357759, 0.732131137535, 0
-0.212469303687, -0.104803600184, 0
0.130931583456, 0.953125033275, 0
-0.888343792882, 0.88312118177, 0
0.0617707509989, -0.0954174261218, 0
0.176804531239, 0.279241398503, 0
0.0490544063629, 0.386897348351, 0
0.242696256959, -0.840212805306, 0
-0.302603682022, 0.695979147011, 0
0.66948331102, 0.743812680718, 0
0.123626492152, 0.316761953236, 0
0.178337367524, -0.288184859616, 0
0.99783599438, 0.750824013001, 0
-0.0786138271184, 0.929721119356, 0
-0.934787452223, 0.981052874484, 0
0.882702053905, 0.855056213722, 0
-0.215535822886, 0.927902358063, 0
-0.746402060776, 0.962259850292, 0
-0.187483004428, -0.064872894653, 0
0.758676366457, 0.64110869748, 0
-0.0958791801545, -0.510355301544, 0
-0.714866042035, 0.864495800704, 0
0.0780719012005, -0.253917776712, 0
-0.89247063671, 0.934559282341, 0
-0.361154102384, 0.844313215937, 0
0.21818150687, -0.876868371868, 0
-0.201070681193, -0.192192246752, 0
-0.195083414266, 0.687167618735, 0
0.76471221524, 0.898506580378, 0
-0.118670690167, -0.920081028045, 0
0.183396028247, -0.0629257017066, 0
0.37635598705, 0.883276824043, 0
-0.380347174112, 0.73680371204, 0
0.173226546948, 0.76293600065, 0
-0.835606785912, 0.676866241334, 0
0.248678889376, 0.163001914171, 0
-0.0392038641521, -0.0990665196791, 0
-0.228974728819, -0.837874215898, 0
0.135909705314, -0.930743834703, 0
-0.114402062999, -0.56035029302, 0
0.801002458658, 0.968984132348, 0
-0.0462161379309, 0.793918182994, 0
-0.222083288302, -0.0775646108554, 0
-0.108445256361, 0.430324736833, 0
0.0842345383189, 0.809334356047, 0
0.180870244291, -0.149375192065, 0
0.478549293571, 0.909252821308, 0
0.144493073691, 0.176127106624, 0
0.889079564594, 0.500755864188, 0
0.611688755776, 0.94309244245, 0
-0.441481349116, 0.55479238225, 0
-0.09750102244, -0.655096919433, 0
0.194633544113, 0.932277845245, 0
-0.603029853201, 0.597169913637, 0
-0.536796897841, 0.943093359241, 0
0.198732474149, 0.313479768471, 0
0.516047737317, 0.647084103274, 0
0.392226489856, 0.604087794143, 0
-0.978411764669, 0.582555000824, 0
0.0505843397946, 0.660076488964, 0
-0.103213312712, -0.582862031731, 0
0.195231883362, 0.194441334406, 0
-0.226883661517, 0.881657768899, 0
-0.681320648333, 0.619723575083, 0
-0.169090482562, 0.0441401749786, 0
-0.118603482164, -0.866963618633, 0
0.639192644843, 0.873623503716, 0
-0.954307061355, 0.740777459349, 0
-0.243367963101, -0.910020160808, 0
0.894206297003, 0.513592547236, 0
0.764158543616, 0.637673605623, 0
0.0346445596609, -0.938158591115, 0
-0.308351959665, 0.665853875814, 0
0.243770046245, -0.251523221904, 0
-0.934835494556, 0.615158017998, 0
0.159566130728, 0.863452008242, 0
0.451130771765, 0.702630583671, 0
-0.223390498261, -0.350260778691, 0
-0.241055597202, 0.22208694271, 0
0.187679265487, -0.403135436275, 0
0.346034302895, 0.749603397944, 0
-0.075336152152, 0.722007330278, 0
0.0229217836675, -0.757616546277, 0
-0.0778355206461, 0.716262706115, 0
0.15634268838, -0.0151877780022, 0
-0.174539927519, 0.133723221116, 0
-0.0880517086551, 0.795062467112, 0
-0.750522374108, 0.901448591791, 0
-0.044290402975, 0.143281280251, 0
0.000614849912991, -0.685677934256, 0
0.929758600407, 0.534962830399, 0
0.386106475353, 0.989636156514, 0
0.20540826213, -0.198419755525, 0
0.0355990072243, 0.917276052563, 0
-0.128864149881, -0.127977328348, 0
-0.0329645425229, 0.505026704951, 0
0.678699315836, 0.654595270527, 0
0.855396340301, 0.915386676953, 0
-0.0671477392055, 0.80148980134, 0
0.0759890916076, 0.47802626626, 0
0.238986443344, -0.629866022922, 0
0.212714314433, -0.688583823581, 0
0.569670615104, 0.975233012509, 0
-0.131855063113, 0.587567008042, 0
0.138298659076, 0.864265018897, 0
0.38733482277, 0.650149232653, 0
-0.163755287142, -0.0602634106116, 0
0.369819467733, 0.739999442981, 0
0.0276862534611, 0.0802870851157, 0
-0.5497469773, 0.762560283521, 0
0.26698860182, 0.791671901427, 0
0.11929302986, 0.83394564859, 0
-0.0452920419313, 0.0869812816706, 0
0.254367749915, 0.922082579673, 0
-0.772635735671, 0.893142778803, 0
-0.181405076655, -0.802712466302, 0
-0.968664102763, 0.703509859401, 0
-0.523667264158, 0.942755769223, 0
0.638667502542, 0.683835944032, 0
0.159399206823, 0.464029292312, 0
-0.211669410355, 0.89183648104, 0
0.369354855401, 0.526562144629, 0
-0.204714379348, 0.802113630679, 0
-0.927233124287, 0.570979990756, 0
-0.00114808584921, -0.963272223681, 0
0.119230230399, 0.479825501214, 0
-0.183227206537, 0.457186882507, 0
0.443835626807, 0.977711552975, 0
-0.285271374109, 0.687244943915, 0
0.308449387289, 0.834273080987, 0
-0.0226922909106, 0.449819900543, 0
-0.0888009292134, 0.739859235, 0
-0.0388640214239, 0.448804448182, 0
0.430569583703, 0.820424334622, 0
0.851517359665, 0.687321523438, 0
0.335663437197, 0.552289016722, 0
-0.0140343601636, 0.484287555366, 0
-0.243528564308, 0.658394527295, 0
0.278978287519, 0.705097921503, 0
0.0096601314191, -0.782462590026, 0
-0.587057554219, 0.790903531385, 0
-0.563828652094, 0.596299533981, 0
-0.0821522255584, -0.52489753485, 0
0.0389109298755, -0.0923797309328, 0
0.0673177946338, -0.33789414322, 0
-0.191923159347, 0.837597152032, 0
-0.429772255591, 0.89317726137, 0
0.0814492890477, -0.758234540099, 0
0.958729897078, 0.899899554121, 0
0.172380502447, 0.625072104974, 0
0.126672227325, 0.783121296508, 0
0.392585050701, 0.83983698998, 0
-0.707739480966, 0.625916805472, 0
0.0521499522092, -0.523006625968, 0
0.142720117419, 0.517578586057, 0
-0.0842143851095, 0.360012743709, 0
-0.0614608360015, 0.369484177055, 0
0.003134304322, 0.140186507408, 0
-0.480641177357, 0.597951607644, 0
-0.191854118292, -0.469672858612, 0
0.0921997878638, -0.579319866323, 0
-0.243710819478, 0.279003305148, 0
-0.930070953444, 0.654643793909, 0
0.329620582914, 0.542340796723, 0
-0.595290573895, 0.925737332877, 0
0.201543308181, -0.951728662405, 0
-0.0888320274561, -0.0558709107068, 0
-0.255944975817, 0.833442515605, 0
-0.596207079446, 0.772928820529, 0
0.382953621971, 0.610239686066, 0
0.750354347913, 0.637366458956, 0
0.455348803496, 0.759244941051, 0
0.0882876703361, -0.78363314885, 0
0.864923728257, 0.569701383107, 0
-0.478632794906, 0.970631087235, 0
0.949410704418, 0.695394746177, 0
0.774415810233, 0.800666536621, 0
0.238637995409, 0.457015342741, 0
-0.167799317785, -0.150982678347, 0
-0.63623779597, 0.557360037841, 0
0.760695118646, 0.912800938379, 0
-0.538928804988, 0.92348332437, 0
0.161670901437, -0.162554280437, 0
0.431386526803, 0.50203998209, 0
-0.706282290716, 0.778271215083, 0
0.168565234542, 0.199321870781, 0
-0.101708034194, 0.60739958729, 0
0.126736922517, 0.708079998801, 0
-0.162697362088, 0.474681481503, 0
0.597405800739, 0.691111509697, 0
0.121663104939, 0.106976607806, 0
-0.0742653697971, -0.806735042907, 0
-0.247636583576, -0.743692779912, 0
0.0132765184188, 0.0995365868298, 0
0.217463855578, -0.0150622559236, 0
-0.136696109599, 0.555463572181, 0
0.00829705665793, 0.370389350357, 0
0.775792801846, 0.904813468984, 0
0.0595658834665, -0.710621471334, 0
0.217041873268, -0.828725310051, 0
-0.534615729055, 0.708653565501, 0
0.0215525913986, 0.21464413538, 0
0.435332361586, 0.62086002534, 0
-0.181617249537, 0.408760484353, 0
-0.626656897119, 0.969034803463, 0
-0.0505995743384, -0.0114386286053, 0
-0.610621994415, 0.955810051881, 0
0.929004594822, 0.70850273383, 0
0.271117072811, 0.673761746057, 0
-0.457121420839, 0.784284710928, 0
0.749392675496, 0.798823614334, 0
-0.155333349882, 0.257847624678, 0
-0.303062014548, 0.584570142952, 0
-0.914830421357, 0.634553580684, 0
-0.0180559807043, 0.719505035437, 0
-0.232914011908, -0.187186228741, 0
-0.195664060711, 0.269580400271, 0
-0.696155575708, 0.682052953398, 0
0.0497894908772, -0.200056585936, 0
-0.0803812346337, 0.941823040587, 0
0.595801594199, 0.664931012773, 0
0.154262295615, 0.966407756329, 0
0.74379342531, 0.954680697351, 0
0.491130659968, 0.634713377062, 0
0.888986041446, 0.81056961421, 0
-0.204859183752, 0.92007283941, 0
-0.673065895111, 0.797759094483, 0
0.165966206644, -0.184116558835, 0
-0.157397063795, -0.631529756131, 0
-0.0478738772046, -0.20728267377, 0
0.0518318324137, -0.929496908622, 0
0.248806672032, -0.0199147252562, 0
0.161271521887, 0.574521071332, 0
0.0507965610859, 0.13803592764, 0
0.875898033361, 0.8961650956, 0
-0.196913017388, -0.81738377902, 0
-0.150415426665, -0.802890675822, 0
0.255047837107, 0.527092729462, 0
0.526272846965, 0.991893244266, 0
0.0741348973831, -0.0111759409166, 0
-0.194434266477, 0.524410354329, 0
0.813102210254, 0.994510829411, 0
0.0167996496988, -0.653832760499, 0
-0.0194023766813, 0.997432408798, 0
-0.158784589832, 0.349067328607, 0
0.0106299234205, 0.0745462802244, 0
-0.310301922312, 0.889727805034, 0
-0.116097545008, -0.0639568849292, 0
0.199055570564, 0.541845066847, 0
0.150091793544, 0.993400179621, 0
-0.322762080107, 0.522306052729, 0
-0.581271870747, 0.698829521648, 0
-0.711203123034, 0.610479339189, 0
-0.328072763213, 0.849265000581, 0
-0.855509790398, 0.739514686794, 0
0.0855584781959, -0.651117440122, 0
0.840561950854, 0.857753920652, 0
-0.0107499891179, 0.374445997842, 0
0.225630450669, -0.424326108396, 0
-0.674804532202, 0.723934872684, 0
0.033968022903, -0.788794814718, 0
0.00827233869729, 0.348817537966, 0
-0.143755815386, -0.414496720212, 0
-0.841439116699, 0.94561279039, 0
-0.199361480337, 0.69255245733, 0
0.536778260641, 0.651865871311, 0
-0.160072794781, -0.553505146117, 0
-0.0495582448118, 0.217423122887, 0
0.0420535337638, -0.927332022293, 0
-0.0997769209686, -0.0985195518641, 0
-0.823564691415, 0.582253864454, 0
-0.207392972424, 0.0162595673793, 0
0.0578808386288, -0.470567948668, 0
-0.155931199012, -0.700806784887, 0
0.0962774070662, 0.284162571566, 0
-0.173528362411, 0.228000980188, 0
-0.244920346812, -0.116242885498, 0
0.221023445386, -0.944265624871, 0
0.72662441432, 0.502408959641, 0
0.134123676869, -0.136654225893, 0
-0.790820833132, 0.806871724237, 0
0.915698826456, 0.823085117534, 0
0.751898636715, 0.903229120308, 0
0.600390538692, 0.624124585961, 0
0.50851117834, 0.738882774859, 0
-0.115349236547, 0.280439434218, 0
0.122563865632, -0.129310635971, 0
0.123060443296, -0.718359373919, 0
-0.0502880177125, -0.372574081506, 0
-0.31435274001, 0.714452650252, 0
-0.153652789688, -0.0798335445031, 0
0.492854234764, 0.905131015556, 0
0.170530167764, -0.192421183584, 0
-0.838434060536, 0.699435161662, 0
0.227641349852, -0.265096957463, 0
-0.338723466335, 0.713763612589, 0
0.373097071875, 0.667168836612, 0
0.203679636889, -0.103584151971, 0
0.864613489083, 0.726255616505, 0
0.167634675997, 0.812857085147, 0
-0.279817683645, 0.63947710384, 0
-0.620032240741, 0.681175490738, 0
0.0397871557145, -0.095216872407, 0
-0.959797658294, 0.797959283256, 0
-0.40742358087, 0.927664648393, 0
-0.685709996413, 0.664189083413, 0
0.672599758846, 0.543888183559, 0
0.652519570705, 0.616020176147, 0
-0.513575793087, 0.577504004778, 0
-0.726009604573, 0.506117120767, 0
-0.174375455888, -0.325508818492, 0
0.865927691788, 0.686726551909, 0
0.834990335876, 0.845759887496, 0
0.497700046422, 0.577475848782, 0
-0.121292825499, -0.884417672272, 0
0.0386677199958, -0.746503518267, 0
-0.604254954908, 0.544376704099, 0
0.19557210258, -0.717201898711, 0
0.664898043476, 0.62818500363, 0
0.91731701319, 0.969102730932, 0
0.259770819536, 0.724700318077, 0
0.0319681461334, 0.777387168513, 0
0.505737314283, 0.542720744131, 0
-0.0271195556951, 0.125829838074, 0
-0.197934850976, 0.035561113871, 0
0.123056646094, -0.399126763881, 0
0.945786133047, 0.999019756411, 0
0.442786090666, 0.846005349528, 0
0.845457729082, 0.964422998109, 0
0.531151899887, 0.657852915022, 0
-0.177701704559, -0.27562528735, 0
0.807019290287, 0.753306857578, 0
-0.00590721262908, -0.405536474135, 0
0.287119853238, 0.753326818484, 0
0.0463921478347, -0.564352966037, 0
0.672621285899, 0.627906537565, 0
0.151110571428, 0.857016760567, 0
-0.241160349996, 0.294207578451, 0
0.123115206725, 0.925915438864, 0
0.053823591242, 0.361621216726, 0
-0.947272787924, 0.942216971571, 0
-0.125693079474, -0.371759332, 0
0.141586558549, 0.596441443441, 0
0.444157561352, 0.682933838273, 0
-0.0361351777066, 0.0961388169576, 0
0.974410170157, 0.573413951741, 0
0.113386709196, -0.65210061432, 0
-0.504500960794, 0.647071524388, 0
-0.149953157058, -0.543851299827, 0
0.126810369765, 0.750102506791, 0
0.410442753512, 0.634930592356, 0
0.0953400016986, 0.980700896575, 0
0.547879210809, 0.846498439021, 0
-0.644977848831, 0.544299375815, 0
0.219075480527, 0.20801996209, 0
0.85511890762, 0.977273211452, 0
-0.390765442706, 0.664542910348, 0
-0.622916411654, 0.517399108889, 0
-0.527944126625, 0.621334066979, 0
0.327890710247, 0.874320033231, 0
0.425101297133, 0.93435161889, 0
0.0687835391625, -0.474111439032, 0
-0.81890341117, 0.833499908251, 0
0.555697170361, 0.869019711549, 0
-0.0482786465849, 0.741437298268, 0
-0.13974062258, 0.918690295182, 0
0.099883045566, 0.554933358948, 0
-0.345738511833, 0.775726591275, 0
-0.180102152346, -0.46764192378, 0
0.842027098542, 0.553280699319, 0
0.174250736203, 0.233624422401, 0
-0.840697490834, 0.897884533408, 0
0.107018160245, -0.429637959601, 0
-0.0802981243515, -0.596347002698, 0
0.99218943962, 0.807619980185, 0
0.695170747969, 0.566997371561, 0
-0.934461341975, 0.573090548219, 0
-0.0601886507588, 0.376639268229, 0
-0.280826542403, 0.941705944396, 0
0.151756452262, -0.169382016164, 0
-0.159931319723, -0.816785662237, 0
0.242770881821, -0.843753633585, 0
0.130603345899, 0.918223083349, 0
-0.0842051524521, -0.0560202483511, 0
0.151132349678, 0.430185856666, 0
-0.227609024384, -0.168966518394, 0
-0.29667196541, 0.883035414859, 0
-0.185675139124, -0.299666971212, 0
-0.649085923897, 0.891095453692, 0
-0.238186253633, -0.786680098548, 0
-0.928331712785, 0.612676740581, 0
-0.238273811258, 0.253057579434, 0
-0.695465061903, 0.600063612951, 0
-0.0205996469291, 0.468510707151, 0
0.545454916393, 0.946588063364, 0
0.0622746640091, -0.967538628673, 0
-0.104864834917, -0.846244476808, 0
-0.817602947992, 0.815319449645, 0
-0.162108662859, -0.529656121956, 0
0.0237187844812, -0.624976566167, 0
-0.41571363469, 0.676924660861, 0
-0.32316315576, 0.595005667542, 0
-0.903458654376, 0.551866073214, 0
-0.208561934803, -0.219758962143, 0
-0.513562872018, 0.593090423902, 0
0.616066187669, 0.573178414036, 0
-0.90971287775, 0.732409141317, 0
0.190051420174, -0.155169859118, 0
-0.877925564056, 0.613946996459, 0
0.0329797732793, 0.586247588052, 0
0.141209781797, 0.020643635549, 0
-0.156359644889, 0.347004225262, 0
-0.762075872033, 0.884467266023, 0
0.175219871699, 0.546622556911, 0
0.0152887354368, -0.966380032486, 0
0.196676428299, 0.15764489082, 0
0.487713873472, 0.531354849302, 0
0.92742669374, 0.69828111961, 0
-0.69824019677, 0.668386152331, 0
-0.929689479992, 0.508736074694, 0
-0.0919055530768, 0.0368895286556, 0
-0.0884348967647, -0.0698424492397, 0
-0.193778231102, 0.72251585156, 0
-0.931890138704, 0.594408070276, 0
0.244348946091, 0.174187495262, 0
0.640772922038, 0.742568851566, 0
-0.596874198152, 0.651886463436, 0
0.0727054322771, -0.570599147418, 0
0.130158814132, 0.793997982429, 0
-0.139860085153, -0.15737854214, 0
-0.137706673981, 0.0472458114588, 0
0.199655925889, -0.00756014671111, 0
-0.761501972775, 0.724892135202, 0
0.0664527810126, -0.139015816403, 0
-0.514088971736, 0.937741559784, 0
0.248506260928, -0.646364320582, 0
0.0341482858228, -0.548345994575, 0
0.220735811568, 0.457950721253, 0
0.22432263742, -0.223853982516, 0
-0.826233481833, 0.621317368426, 0
0.321047453475, 0.940836798866, 0
0.189104318906, -0.663811912605, 0
-0.246143030175, -0.919203827737, 0
0.756587129941, 0.543435094124, 0
0.229014768744, -0.598149912813, 0
0.31123181381, 0.772045462405, 0
-0.449240856384, 0.730350075485, 0
-0.16606256585, 0.780648163035, 0
0.126243640955, 0.13891717024, 0
0.498255788517, 0.814941873768, 0
-0.0672435930678, -0.305145327389, 0
0.225143770323, 0.071646005707, 0
-0.744750949318, 0.730156734716, 0
-0.888182663788, 0.719790135695, 0
0.378271693848, 0.669019560867, 0
0.181128399085, -0.12198463771, 0
0.0185095211466, -0.669453524794, 0
-0.78027410496, 0.704725103222, 0
0.84313420533, 0.799009513859, 0
0.158005411304, 0.380590249406, 0
-0.030491915776, 0.868501432331, 0
0.00801172909016, -0.13294998672, 0
0.0861691692107, 0.533057573147, 0
0.06906835385, 0.117356041611, 0
-0.793268635343, 0.560591565576, 0
-0.868401856229, 0.81006745656, 0
0.327624071186, 0.646465699302, 0
0.728740109674, 0.610855468585, 0
-0.105594634525, -0.876519605409, 0
0.220851263438, -0.919604827716, 0
0.728057064549, 0.906332778653, 0
-0.535513337827, 0.6308095534, 0
0.422934369205, 0.685009401176, 0
0.0830130338059, -0.426010927605, 0
0.0978726266231, 0.734860495998, 0
-0.243561649864, 0.116520082657, 0
0.207524161803, 0.717497819962, 0
-0.00786844682944, -0.504616031759, 0
0.116234522329, 0.0359830223836, 0
0.138429428755, 0.0600904801482, 0
0.370474026281, 0.604791473118, 0
-0.209616169826, 0.17539641541, 0
0.0106898445452, 0.942159269047, 0
-0.132878372684, -0.543816622376, 0
0.285026313215, 0.998416965539, 0
-0.192746153096, 0.993410438363, 0
0.207410372714, 0.571121718043, 0
0.00827083906943, 0.0518621305516, 0
0.346561145218, 0.914289386283, 0
0.796763808983, 0.880451554575, 0
-0.0852080959132, -0.184471493412, 0
0.0741979172796, -0.630141180119, 0
-0.716387218505, 0.621165048032, 0
0.410483788928, 0.740110980622, 0
-0.0721289834662, 0.802850806111, 0
-0.0659635799638, -0.256671061111, 0
0.309383942617, 0.669103364692, 0
0.244368285533, 0.0684009581369, 0
0.0245088052867, -0.196033347082, 0
0.805140561976, 0.972018598758, 0
-0.249423129692, 0.423785630003, 0
-0.146397795563, -0.218583171938, 0
-0.21519456299, -0.638920717009, 0
0.111059879864, 0.330331046849, 0
0.938060362013, 0.726944586331, 0
-0.232271784451, -0.53637052613, 0
-0.961779365656, 0.86775270174, 0
-0.149646628801, -0.0407522869896, 0
0.450778622731, 0.621361955552, 0
-0.0759478244457, -0.162367601677, 0
-0.0986503160773, 0.386377684605, 0
0.0541221035874, 0.170531490673, 0
0.0359126528247, 0.721906963541, 0
-0.0172565307099, 0.684860085607, 0
-0.65091077262, 0.757264870288, 0
0.0149597595682, 0.365231557342, 0
-0.145366749524, 0.617118127935, 0
0.137163293685, -0.693223936748, 0
-0.173539832772, -0.760776391768, 0
-0.868801823339, 0.738987472615, 0
0.0349917858584, -0.996423758833, 0
0.0789596307738, -0.619867417414, 0
0.773825279438, 0.74577159194, 0
-0.00654024380496, -0.823513239079, 0
0.0156397201108, 0.129762811905, 0
-0.532718870058, 0.566675467338, 0
0.120235358869, -0.680949864952, 0
-0.0432273433329, -0.62023120654, 0
0.432886357245, 0.852806053372, 0
0.101566930476, -0.714298294573, 0
-0.0515867465142, 0.601482484889, 0
-0.0365326234127, -0.899612347891, 0
0.914311973137, 0.814268293049, 0
0.150209505683, -0.665654567924, 0
0.0372014136192, 0.889841593657, 0
0.886962625828, 0.918140734618, 0
0.31565357836, 0.715738381727, 0
0.068521565565, 0.745127358082, 0
0.787125270324, 0.505082445503, 0
-0.3318827752, 0.696196078267, 0
0.241210308575, -0.16243179437, 0
-0.159431747744, -0.427279642872, 0
0.381835895621, 0.986578618036, 0
0.575628239559, 0.850496615502, 0
-0.572884158367, 0.769641565088, 0
-0.0811968715022, 0.151078811077, 0
0.341341594543, 0.938003185459, 0
0.0753071634591, -0.0861802009532, 0
0.0598340216633, -0.418222835937, 0
0.219794302328, 0.510932003354, 0
-0.724964425904, 0.846771999519, 0
0.0526415764145, -0.0715083974201, 0
-0.814750253408, 0.533317079232, 0
0.70599720812, 0.622336002901, 0
-0.349000800816, 0.537475019271, 0
-0.954414567354, 0.758826837954, 0
0.458135890839, 0.985524411655, 0
-0.102315970307, 0.0630941351149, 0
-0.222448677966, 0.768627081746, 0
0.471423154208, 0.772960447135, 0
0.197293662144, -0.642864450997, 0
0.264169008147, 0.754058762363, 0
0.00454105366923, -0.834558141673, 0
0.652743260684, 0.836247119293, 0
-0.00740699965115, 0.64025848457, 0
0.134775318974, 0.591531816489, 0
-0.0178478839251, 0.0249744016478, 0
-0.792193944015, 0.951420504856, 0
0.536629500477, 0.697676988886, 0
-0.195902330486, 0.456893078765, 0
0.919495654847, 0.538427856549, 0
-0.154145689647, -0.358774810775, 0
-0.799558358774, 0.653157831845, 0
-0.0428471910603, 0.647653587648, 0
-0.913337342797, 0.787741338655, 0
-0.337307893283, 0.723676180292, 0
0.0686465153154, 0.88357235003, 0
0.115798644912, 0.174213159901, 0
-0.00104805323399, 0.279583384983, 0
0.359737826336, 0.755630722799, 0
0.712801536899, 0.715504967687, 0
-0.185272193449, 0.631632134027, 0
0.0218662119748, -0.389915947612, 0
0.115104615066, 0.37335770433, 0
-0.103254075108, 0.979147436696, 0
-0.711792537035, 0.855209954851, 0
-0.667275107681, 0.583708042779, 0
0.100354422737, -0.684226073996, 0
0.976374917404, 0.703472550504, 0
0.704234908293, 0.600993961921, 0
0.0210624779659, -0.627305780227, 0
-0.457875755927, 0.946145811249, 0
-0.748396165854, 0.926427349934, 0
-0.0376517782667, -0.587577212859, 0
0.584895647386, 0.817902016426, 0
-0.731209743361, 0.99658310463, 0
-0.0280913713393, 0.13332291706, 0
-0.226458139556, -0.539600963464, 0
-0.789673086768, 0.93873100788, 0
-0.249987670059, -0.392935645228, 0
-0.644221547245, 0.887247365429, 0
0.0517661013451, -0.187650976383, 0
0.227674462096, 0.409795949264, 0
-0.0311799855596, -0.935386355131, 0
0.791394263137, 0.880608602293, 0
0.959860841917, 0.576543136601, 0
-0.534162114479, 0.907250731793, 0
-0.183902944912, -0.744589955007, 0
0.806192182459, 0.627261456537, 0
0.19091607022, -0.927322571248, 0
0.0298261793521, 0.0356456039554, 0
-0.423177240277, 0.646007445048, 0
-0.707897931502, 0.694536028586, 0
-0.811523910628, 0.834669165541, 0
0.536548102468, 0.715586931523, 0
0.0550926521689, -0.371186174307, 0
0.0694922276072, -0.863886748211, 0
-0.477152394886, 0.568557887581, 0
-0.403221245801, 0.931633164287, 0
-0.503006685816, 0.762982164179, 0
0.134130135497, -0.418225069373, 0
0.0997401062213, 0.530674102725, 0
0.126550288273, 0.738401090241, 0
-0.373049762743, 0.626373065642, 0
-0.550441833565, 0.535538751232, 0
0.952743080716, 0.764804861366, 0
0.234088642016, -0.408472507604, 0
0.188592103215, -0.778083230419, 0
0.351216678057, 0.985862464755, 0
-0.197883872751, -0.497385168662, 0
-0.0509267717043, -0.173495981981, 0
-0.133172752096, 0.81906655596, 0
-0.1832555546, 0.139740558974, 0
-0.308482654847, 0.780607742539, 0
-0.000386213017233, -0.406545828051, 0
0.0960521258272, -0.537999335314, 0
-0.53893802944, 0.781050080668, 0
0.0786113945631, -0.395994715864, 0
-0.0251327752729, -0.477717233088, 0
-0.929968670368, 0.812950244539, 0
0.677874153873, 0.761551782443, 0
-0.051226096905, 0.939770312017, 0
-0.292646201103, 0.868069623801, 0
0.232697529286, 0.897549231516, 0
-0.206814478163, -0.797637445566, 0
0.233594488255, -0.334798305848, 0
-0.151511778454, -0.226571918654, 0
-0.0885527947642, 0.835495799539, 0
0.21642371143, 0.637379956961, 0
0.424074933254, 0.643178438785, 0
-0.934109595447, 0.52354551416, 0
-0.0396950391695, 0.71889290606, 0
-0.940591994654, 0.538059573899, 0
0.0242288757271, -0.203235701732, 0
-0.38002888698, 0.834947831494, 0
-0.640189072572, 0.744477551198, 0
-0.824093123739, 0.702236741495, 0
-0.294983438566, 0.933645172859, 0
0.302179191344, 0.962583099565, 0
0.559393120924, 0.651784186085, 0
0.17071456207, -0.0506494504241, 0
0.523242298539, 0.749199722126, 0
0.225925787338, -0.322433253476, 0
0.97766337913, 0.595756714733, 0
0.676656540474, 0.795392456005, 0
-0.756181067232, 0.716446136738, 0
0.0355732038114, -0.942513215231, 0
-0.0600692054648, 0.615120069703, 0
-0.144227760439, -0.889945949548, 0
0.408736801925, 0.880210898971, 0
-0.000924387379142, -0.552782240098, 0
-0.37639594066, 0.56497805446, 0
0.0963713779224, -0.0297598486534, 0
-0.71416652811, 0.646710298595, 0
0.267010313394, 0.584792656692, 0
-0.0498451339498, 0.398032435007, 0
-0.782091221086, 0.825692525345, 0
-0.201939847398, -0.104896988777, 0
-0.683290228422, 0.914651721359, 0
0.493368289843, 0.649586149653, 0
-0.760855973149, 0.95645999802, 0
-0.871128359006, 0.711652992366, 0
0.235654178128, -0.671167788219, 0
0.28043417789, 0.696769706317, 0
0.14027484922, -0.813340675223, 0
-0.426695938387, 0.751487287739, 0
-0.646928563804, 0.972973540922, 0
-0.670137005062, 0.686339654057, 0
-0.2203892506, 0.502482917529, 0
-0.0148678924785, 0.593314774987, 0
0.320381175958, 0.8490660514, 0
-0.058567472901, -0.726844912958, 0
0.115157320797, 0.169113536497, 0
0.452196635459, 0.731096987375, 0
0.308922249915, 0.620577814949, 0
0.331028969071, 0.727806190682, 0
0.238648907932, 0.941977979021, 0
-0.12469889111, 0.0256489503202, 0
-0.21646423493, -0.0502151494408, 0
-0.249084711839, 0.665534952531, 0
-0.278978274784, 0.797232221174, 0
0.367778085387, 0.705627126998, 0
0.438920493287, 0.587726954489, 0
-0.163965441114, 0.423444192459, 0
0.208601406472, -0.375185851515, 0
-0.166460428381, 0.993221097899, 0
0.704486506846, 0.669693913065, 0
0.253574122148, 0.605741760292, 0
0.0224757877703, 0.784013157707, 0
0.756542889428, 0.826863412284, 0
0.827056098114, 0.633170476244, 0
-0.155303219804, 0.626704440946, 0
-0.306357267832, 0.916787812484, 0
-0.234995109991, 0.558370301398, 0
0.0755246508054, 0.998414300832, 0
-0.274640293244, 0.50722919334, 0
-0.326936878643, 0.878834148097, 0
-0.459805167731, 0.718195465306, 0
-0.146472436767, -0.306299889084, 0
-0.587424799602, 0.664823989682, 0
0.0727279495797, 0.160172182158, 0
0.764260668495, 0.625137692196, 0
0.974858625172, 0.778190073188, 0
-0.164255751197, -0.495944780666, 0
-0.637172809962, 0.85237316936, 0
0.124768083562, 0.169809260117, 0
-0.0185896762959, -0.292227070094, 0
-0.79842942255, 0.655080129553, 0
-0.194525327533, 0.792156219778, 0
0.108763594544, -0.597916441571, 0
0.185369856554, 0.324713117229, 0
0.000791517201188, -0.450371711664, 0
-0.673339437693, 0.937008450731, 0
-0.152593317301, -0.885228598049, 0
-0.904821316166, 0.924413186086, 0
0.631696349561, 0.88605294942, 0
-0.720877532779, 0.611351979232, 0
-0.497696455941, 0.698825759352, 0
0.0918562204654, 0.0407353882648, 0
0.119344475305, 0.564056147071, 0
0.173068042477, 0.104022926638, 0
0.101251346082, -0.790621444118, 0
-0.945679409402, 0.532290659177, 0
-0.683373638395, 0.607788184478, 0
-0.20473475831, 0.80715112129, 0
-0.228857093359, -0.722637912778, 0
0.948170238927, 0.880922237529, 0
-0.571485854386, 0.613985640027, 0
-0.0192740834181, 0.436739641445, 0
0.212744489133, 0.0319305386785, 0
0.191096328944, 0.74098021577, 0
0.323935611082, 0.655022545366, 0
-0.00677753513431, -0.370882967262, 0
0.25360355874, 0.582067093887, 0
0.858071091116, 0.828673330779, 0
0.202099910359, 0.771952063846, 0
0.207788120831, 0.44715117855, 0
-0.485786464001, 0.897621858213, 0
-0.0508804276813, 0.263089955484, 0
-0.0842618644289, 0.408830205124, 0
0.0576763385191, -0.672305496019, 0
-0.225031107238, -0.451841978435, 0
0.400900109924, 0.556794168173, 0
-0.960677305157, 0.629985961422, 0
-0.242087134288, 0.266804980496, 0
-0.221221794107, -0.172262994835, 0
-0.192085445933, -0.365110723601, 0
-0.172812277814, 0.408845459175, 0
-0.337832974684, 0.543116738654, 0
-0.21148371391, -0.513082569184, 0
-0.200319944602, 0.324708972779, 0
-0.149972345576, -0.229270075608, 0
-0.322576243063, 0.719337471958, 0
0.394333391227, 0.746799343134, 0
-0.224091591727, -0.504787001364, 0
-0.675712334399, 0.704988728306, 0
0.84205282369, 0.731362905711, 0
0.813197962995, 0.992396333224, 0
0.95330617996, 0.607128328796, 0
0.449855906781, 0.841646649021, 0
0.293825056242, 0.777233978028, 0
-0.420101704182, 0.910800096581, 0
0.548557914735, 0.927205261709, 0
0.0580179503744, -0.4784298397, 0
-0.212824169198, 0.543533243092, 0
-0.27863651905, 0.723011811055, 0
-0.17020298167, -0.270724756339, 0
-0.150543974317, 0.0690035129234, 0
-0.245532247414, 0.962823976075, 0
0.828402344426, 0.822754960456, 0
-0.167839960581, -0.745800369186, 0
-0.308806143411, 0.920007559066, 0
-0.21675728563, 0.54863633706, 0
-0.16704918662, 0.869663099411, 0
-0.965799032474, 0.686203752497, 0
0.905291577172, 0.808790476808, 0
-0.0589804192953, -0.111136475385, 0
0.244628444878, -0.306466076147, 0
0.962158538801, 0.646781740794, 0
-0.807391844795, 0.944404520184, 0
-0.00050814618376, -0.555754171962, 0
-0.303367635803, 0.565680560064, 0
0.443442503486, 0.55785776876, 0
-0.148138365655, -0.913532310468, 0
0.218132303276, 0.959864588488, 0
-0.203242792468, -0.261247860243, 0
-0.996598435635, 0.857758004997, 0
-0.906340732358, 0.513670481442, 0
0.013405308114, 0.935853799575, 0
0.125229333562, -0.586274877331, 0
0.12336553506, -0.525260637954, 0
0.0915346908641, -0.141728793468, 0
0.201928896387, -0.931756029037, 0
0.201453096055, 0.840203284668, 0
0.0656543170943, -0.376407743597, 0
0.0257889512844, -0.78944903277, 0
0.229243955578, -0.32118374403, 0
0.0154089120644, 0.255647753233, 0
0.697205497056, 0.639548835089, 0
0.131504348449, 0.341492667257, 0
-0.724741954223, 0.925399682293, 0
0.131421181514, -0.516026746002, 0
0.108898111921, -0.214354460027, 0
-0.525120912629, 0.519277425418, 0
-0.262361933805, 0.98847491236, 0
-0.244136179452, -0.832725848335, 0
0.171782826936, -0.316341809552, 0
-0.102004569235, -0.97751031024, 0
0.355359993267, 0.512137334092, 0
-0.689947092659, 0.781939237314, 0
-0.394662572707, 0.654514369331, 0
0.275848187384, 0.539926175896, 0
0.227190933795, -0.775105665168, 0
0.227470228186, -0.90183776921, 0
-0.996601454798, 0.624659844923, 0
-0.00530763042253, -0.334723658558, 0
-0.0642576956337, 0.673274104168, 0
-0.167229732338, -0.312586333496, 0
0.10618770153, -0.218385442944, 0
0.0221421740869, -0.626005525265, 0
0.18289155045, 0.998529645491, 0
0.035074487014, 0.975481150409, 0
0.651009464777, 0.613305799651, 0
0.176209428522, -0.776824777287, 0
0.112277183446, 0.424025927643, 0
-0.786947109417, 0.912783020184, 0
-0.0385873947442, 0.673687349172, 0
0.152112554971, -0.386841072279, 0
0.624454857801, 0.832819881335, 0
0.0936840560653, 0.530896161436, 0
0.115190526181, 0.604885966423, 0
-0.155241315738, -0.708694720303, 0
0.151654153794, -0.272338396034, 0
0.208087404273, 0.667553469605, 0
0.0565589607657, 0.599729138247, 0
0.17056578418, -0.538289474483, 0
-0.0177564152849, -0.247868543183, 0
-0.188318838134, 0.771233904399, 0
0.0730131351834, -0.00475561846452, 0
0.14023263384, -0.388513140984, 0
0.705036511424, 0.871656535309, 0
0.184344211738, -0.504259310359, 0
-0.874421802917, 0.807817335048, 0
-0.305969392845, 0.61762486272, 0
0.846223607673, 0.700264614624, 0
-0.23633108104, 0.834935857445, 0
-0.696700499871, 0.967562139155, 0
-0.227119200379, -0.821896856918, 0
-0.0661374539325, 0.475253723891, 0
0.0136921946355, 0.0861806045517, 0
-0.375260231612, 0.553288010427, 0
0.232639509362, 0.279988901906, 0
0.183606944632, -0.336914673261, 0
0.10060408421, 0.562443376398, 0
0.829502284926, 0.667225482343, 0
0.246931929986, -0.507617230189, 0
-0.665882159323, 0.982000678811, 0
0.0682546196871, -0.760869505471, 0
0.189988142948, 0.538223014564, 0
0.497564201318, 0.985762347731, 0
0.103940136726, 0.439825216692, 0
0.142652237199, 0.0733891664125, 0
0.467776626487, 0.623348621336, 0
-0.950153900185, 0.762357831275, 0
0.0182299326748, 0.313796861697, 0
0.242336897063, 0.436878072946, 0
-0.714777311912, 0.504509535402, 0
0.140060709175, -0.986538875282, 0
-0.0805774088693, -0.994661333043, 0
0.837137804975, 0.983173272857, 0
0.991817631389, 0.672586159492, 0
-0.148154002189, 0.0556697779651, 0
0.14224744967, 0.953877801852, 0
-0.150130368281, 0.631054414045, 0
0.233557616688, 0.484552801045, 0
0.290751333893, 0.731089974889, 0
0.833883734297, 0.788689354855, 0
0.182490108342, 0.990001035132, 0
-0.274693496483, 0.991125168732, 0
-0.0623778765337, -0.842315524431, 0
0.23457403484, -0.558634556695, 0
-0.912570984626, 0.772067867467, 0
0.415245517461, 0.938084695186, 0
0.0583801204731, -0.253316062097, 0
0.244070418088, -0.00223607378421, 0
0.0029846951124, 0.00673994945177, 0
-0.00468643476202, -0.585559853825, 0
0.275706648861, 0.775052864537, 0
0.762786032874, 0.605433004109, 0
-0.391284372792, 0.995084078357, 0
-0.102583428463, 0.0195426786255, 0
0.220490878503, -0.211587864472, 0
0.209593138803, -0.0278912615473, 0
-0.872859881269, 0.61723482003, 0
-0.260550407238, 0.652917619537, 0
-0.151556370562, 0.743287245264, 0
-0.242566925019, 0.20657763919, 0
0.0658363816072, -0.314482015173, 0
-0.362122367077, 0.597074363122, 0
-0.0151115125228, -0.077977539906, 0
0.774047484664, 0.847465636618, 0
0.343522821157, 0.945669502462, 0
-0.631579259026, 0.540990834313, 0
-0.136221710687, -0.590886785953, 0
-0.099007897351, -0.449711604305, 0
-0.577259710724, 0.671532647433, 0
-0.909202665487, 0.693857950984, 0
0.140854220575, -0.926095894824, 0
0.65423999154, 0.997921892726, 0
-0.300839174218, 0.693132388612, 0
-0.238876488209, 0.849030435687, 0
-0.228504225282, -0.206575097554, 0
-0.904308091297, 0.514261949786, 0
-0.021391233363, 0.401997008468, 0
-0.312729097199, 0.827067023457, 0
-0.0672290849024, -0.1318632739, 0
-0.937960535859, 0.884946034585, 0
0.0772607776436, 0.0252159648759, 0
0.42017489752, 0.964131401836, 0
0.979777467554, 0.845654095728, 0
-0.164221046765, 0.338907420643, 0
-0.687315227361, 0.773280839528, 0
-0.0215387957339, -0.0219143606048, 0
-0.20924536147, -0.735354375561, 0
-0.239993145258, -0.859943165724, 0
-0.198834450452, 0.633554168614, 0
-0.199043618851, 0.360341722439, 0
-0.137048910867, 0.387504046341, 0
-0.127109799986, -0.926947538254, 0
-0.167735287102, -0.681941097888, 0
0.185111334627, 0.519515301328, 0
-0.0696972496859, -0.953426794383, 0
0.694949500724, 0.83695334154, 0
-0.72030586857, 0.828607016304, 0
-0.147039176524, -0.704907129585, 0
-0.691114085669, 0.907396137564, 0
0.982854203661, 0.796236481065, 0
0.105547321436, -0.148083798331, 0
-0.284872871675, 0.793028444909, 0
0.52038861127, 0.749692484234, 0
0.801360321061, 0.749283790552, 0
-0.955536619446, 0.811750609833, 0
0.0730916340449, 0.254282596325, 0
0.179132487784, -0.211708938197, 0
0.123862354623, -0.440030105337, 0
0.495052798656, 0.836944983692, 0
-0.693589500834, 0.895811869782, 0
0.883162478997, 0.973314234142, 0
-0.735186458695, 0.773858292585, 0
-0.240313925648, 0.339824251539, 0
0.0817033146521, 0.0657936697589, 0
-0.05624399586, 0.777321439009, 0
0.687897967867, 0.792028761665, 0
0.114345513912, -0.0169873570599, 0
-0.124677553234, 0.445199427524, 0
-0.666355043811, 0.859082981536, 0
0.769063804475, 0.639341760704, 0
-0.176034585329, 0.204246395363, 0
-0.143401751157, 0.247582537053, 0
-0.229086539084, 0.832780061722, 0
-0.904283814989, 0.833565828283, 0
-0.120917978665, -0.867093803327, 0
0.439050211531, 0.78248995, 0
0.781629821758, 0.926758563199, 0
0.583667938003, 0.880821217828, 0
0.289433203799, 0.579260509882, 0
0.460562166961, 0.79289240533, 0
0.203587124501, -0.921249534005, 0
-0.601545595724, 0.742861618127, 0
0.0288418045548, -0.865113679868, 0
0.620024317203, 0.980368072503, 0
-0.113402660915, 0.333830600734, 0
0.490095120854, 0.593527162504, 0
0.242378880935, -0.63357869703, 0
-0.0398704372716, 0.033584775905, 0
-0.124595239139, -0.139986856039, 0
-0.203766020277, 0.190270122373, 0
0.273091644495, 0.769452221961, 0
0.0472080881254, -0.00969965021684, 0
0.969701522557, 0.899447237517, 0
-0.558020657924, 0.920814456296, 0
-0.0254690961782, -0.119329702613, 0
0.245176990713, 0.0623035583282, 0
0.581632509363, 0.716759932657, 0
0.649069518375, 0.785872314096, 0
0.207164739438, 0.162950802856, 0
0.0801086519504, 0.0146823292152, 0
0.230924455898, -0.829306733597, 0
0.204838747973, -0.33485699385, 0
-0.885116153725, 0.74855321926, 0
0.107843137228, -0.402044566909, 0
-0.039646483132, -0.977842125269, 0
-0.177345220695, 0.93453527727, 0
0.494124632962, 0.714944023684, 0
0.376180719529, 0.737538434635, 0
-0.196358698074, -0.994234104681, 0
-0.211613525856, 0.910462454096, 0
0.164683895595, 0.354835007104, 0
0.020643926791, -0.852783860729, 0
-0.0943083309528, 0.934556342016, 0
0.24518939524, 0.146470078598, 0
-0.340208230061, 0.798396145472, 0
-0.845641366736, 0.98990454469, 0
-0.16349093073, 0.589257036398, 0
0.205206432605, 0.939013881124, 0
-0.513739502778, 0.881302497399, 0
-0.0815816990823, -0.452935013811, 0
0.171102602134, -0.69630039517, 0
-0.0991360266447, 0.30311782403, 0
-0.896628851751, 0.72065923877, 0
0.164221953427, -0.522700755001, 0
-0.202189892687, -0.323106385096, 0
0.0791833339842, -0.0850360608176, 0
0.287164489767, 0.973164993151, 0
0.119863822023, 0.484603629125, 0
-0.0877961950718, -0.0702120331306, 0
-0.186506006333, 0.457067173913, 0
-0.649678104977, 0.644559294782, 0
-0.279604841552, 0.994302429617, 0
0.579990577567, 0.824324504464, 0
0.246156799158, -0.204465082936, 0
-0.0977272350403, -0.14978245976, 0
0.0478496466569, -0.0108210756124, 0
0.89397210023, 0.83747675891, 0
-0.0290459609071, 0.467948772088, 0
-0.765411185913, 0.594186752451, 0
0.0617393166541, -0.459953249984, 0
0.88912218202, 0.566369653256, 0
0.110515459338, -0.565935098567, 0
0.297248208983, 0.667165870913, 0
-0.473166924324, 0.763298600697, 0
0.0645592193986, 0.259032236314, 0
0.0540351286577, 0.29074279741, 0
-0.129349039597, -0.216984851029, 0
0.728808747962, 0.925894402606, 0
0.0517388632049, -0.172571619936, 0
0.107660617538, 0.992927574483, 0
0.302738285369, 0.780335881819, 0
0.219129187897, -0.92446742409, 0
0.125370555383, -0.00222594409322, 0
-0.124160512638, 0.952423766397, 0
0.0603410474144, -0.851172953033, 0
-0.202564195313, 0.804180716038, 0
-0.245457080131, 0.836065559962, 0
-0.735187008556, 0.982212559305, 0
-0.624524035012, 0.659851302612, 0
0.213713067875, 0.470759720577, 0
0.149927761601, 0.71004233439, 0
-0.638764232108, 0.544209974401, 0
-0.689540082607, 0.657773780457, 0
-0.870010955177, 0.741837915269, 0
-0.476963219618, 0.858964935195, 0
0.605480683698, 0.99769945316, 0
-0.135536251467, -0.518231432626, 0
0.0313358527385, 0.432738235477, 0
-0.0410522214605, -0.695072272865, 0
0.669954991348, 0.643423820238, 0
0.0413544257749, -0.549188634217, 0
0.777238342304, 0.744013246122, 0
0.672934634243, 0.973647223262, 0
-0.0931024415053, 0.532184493424, 0
-0.455443092567, 0.768002020096, 0
-0.223399883867, -0.709999883133, 0
0.482224286128, 0.840792822656, 0
0.0277358543494, 0.680870944658, 0
-0.0980735088982, 0.186858772342, 0
-0.101805166827, -0.993142599757, 0
-0.167183446653, -0.712923505627, 0
0.251249535901, 0.883624759215, 0
-0.931350775277, 0.912485612505, 0
0.332485596678, 0.663520909968, 0
-0.20155318852, 0.267634495751, 0
0.0124260615924, 0.788731849736, 0
0.330328414163, 0.516748335967, 0
-0.202237781516, 0.849166706769, 0
-0.151822002222, -0.553517161752, 0
-0.204228600506, 0.81456140195, 0
-0.0216630746401, -0.570265484572, 0
0.0350046258572, 0.232476473987, 0
0.213882806591, 0.625716169246, 0
-0.137497668986, -0.883910418892, 0
0.110995534736, -0.249209005257, 0
-0.0488160398017, 0.052085772361, 0
0.717610558713, 0.952486876041, 0
0.0952481890542, 0.381134159308, 0
-0.24606787034, 0.162298576273, 0
-0.195668151178, -0.832826120341, 0
-0.151703014747, 0.523990046962, 0
0.246639326926, 0.7807165015, 0
0.153123551178, 0.164091829055, 0
-0.356810350025, 0.50918212652, 0
-0.240296528065, -0.826080763367, 0
0.495087582305, 0.62977226512, 0
-0.533039084865, 0.694130493097, 0
0.117886024299, 0.0659648865818, 0
-0.831087853757, 0.898078709179, 0
0.218696973989, -0.426693625423, 0
-0.451701934861, 0.514557713382, 0
0.75928034657, 0.910918000982, 0
0.209084306875, 0.360050736416, 0
-0.0915204740609, -0.569102941209, 0
-0.0490871060336, 0.191715913981, 0
-0.880273841348, 0.758755856572, 0
0.7567731196, 0.996327339843, 0
-0.0228688894496, 0.602118711917, 0
0.60330575259, 0.745948577378, 0
0.642641216276, 0.655886100446, 0
0.430146311228, 0.834319416305, 0
-0.929995890396, 0.998108199246, 0
0.609036826711, 0.837607873442, 0
0.155758173461, -0.626685700057, 0
0.276751476675, 0.851953562715, 0
-0.199146553779, 0.184480012372, 0
0.947733795967, 0.990647018009, 0
0.194219223195, -0.975323840916, 0
-0.641125645364, 0.677606813743, 0
-0.777737946472, 0.951068765073, 0
0.177803139169, 0.922201188588, 0
0.147499966033, 0.613045169335, 0
-0.24648624013, 0.52334129176, 0
-0.197942135158, 0.221305740245, 0
0.185177597298, -0.907960974935, 0
0.266974922522, 0.922342698393, 0
0.0731922553299, -0.300950916941, 0
-0.143546840101, 0.588716725727, 0
